Player,Cluster_0_proba,Cluster_1_proba,Cluster_2_proba,Cluster_3_proba,Cluster_4_proba,Cluster_5_proba,Cluster_6_proba,Cluster_7_proba,Cluster_8_proba,Cluster_hard,Cluster_confidence
Saba Kvirkvelia,1.0,0.0,0.0,0.0,0.0,0.0,0.0,0.0,0.0,0,1.0
Ezri Konsa,1.0,0.0,0.0,0.0,0.0,0.0,0.0,0.0,0.0,0,1.0
Guram Kashia,1.0,0.0,0.0,0.0,0.0,0.0,0.0,0.0,0.0,0,1.0
Paweł Dawidowicz,1.0,0.0,0.0,0.0,0.0,0.0,0.0,0.0,0.0,0,1.0
Giorgi Gwelesiani,1.0,0.0,0.0,0.0,0.0,0.0,0.0,0.0,0.0,0,1.0
Unai Simón,1.0,0.0,0.0,0.0,0.0,0.0,0.0,0.0,0.0,0,1.0
Mike Maignan,1.0,0.0,0.0,0.0,0.0,0.0,0.0,0.0,0.0,0,1.0
Marin Pongračić,1.0,0.0,0.0,0.0,0.0,0.0,0.0,0.0,0.0,0,1.0
Yann Sommer,1.0,0.0,0.0,0.0,0.0,0.0,0.0,0.0,0.0,0,1.0
Jack Hendry,1.0,0.0,0.0,0.0,0.0,0.0,0.0,0.0,0.0,0,1.0
Martin Dúbravka,1.0,0.0,0.0,0.0,0.0,0.0,0.0,0.0,0.0,0,1.0
Lasha Dvali,1.0,0.0,0.0,0.0,0.0,0.0,0.0,0.0,0.0,0,1.0
Bart Verbruggen,1.0,0.0,0.0,0.0,0.0,0.0,0.0,0.0,0.0,0,1.0
Attila Fiola,1.0,0.0,0.0,0.0,0.0,0.0,0.0,0.0,0.0,0,1.0
Florin Niță,1.0,0.0,0.0,0.0,0.0,0.0,0.0,0.0,0.0,0,1.0
Patrick Pentz,1.0,0.0,0.0,0.0,0.0,0.0,0.0,0.0,0.0,0,1.0
Angus Gunn,1.0,0.0,0.0,0.0,0.0,0.0,0.0,0.0,0.0,0,1.0
Jan Vertonghen,1.0,0.0,0.0,0.0,0.0,0.0,0.0,0.0,0.0,0,1.0
Diogo Costa,1.0,0.0,0.0,0.0,0.0,0.0,0.0,0.0,0.0,0,1.0
Jordan Pickford,1.0,0.0,0.0,0.0,0.0,0.0,0.0,0.0,0.0,0,1.0
Andrei Burcă,1.0,0.0,0.0,0.0,0.0,0.0,0.0,0.0,0.0,0,1.0
Jure Balkovec,1.0,0.0,0.0,0.0,0.0,0.0,0.0,0.0,0.0,0,1.0
Zeno Debast,1.0,0.0,0.0,0.0,0.0,0.0,0.0,0.0,0.0,0,1.0
Danilo Pereira,1.0,0.0,0.0,0.0,0.0,0.0,0.0,0.0,0.0,0,1.0
Matteo Darmian,1.0,0.0,0.0,0.0,0.0,0.0,0.0,0.0,0.0,0,1.0
Arlind Ajeti,1.0,0.0,0.0,0.0,0.0,0.0,0.0,0.0,0.0,0,1.0
Grant Hanley,1.0,0.0,0.0,0.0,0.0,0.0,0.0,0.0,0.0,0,1.0
Giorgi Mamardashvili,1.0,0.0,0.0,0.0,0.0,0.0,0.0,0.0,0.0,0,1.0
Iván Balliu,1.0,0.0,0.0,0.0,0.0,0.0,0.0,0.0,0.0,0,1.0
Jan Oblak,1.0,0.0,0.0,0.0,0.0,0.0,0.0,0.0,0.0,0,1.0
Koen Casteels,0.99999999,0.0,0.0,0.0,0.0,0.0,1e-08,0.0,0.0,0,0.99999999
Mert Günok,0.99999999,0.0,0.0,0.0,0.0,0.0,1e-08,0.0,0.0,0,0.99999999
Silvan Widmer,0.99999999,0.0,0.0,0.0,0.0,1e-08,0.0,0.0,0.0,0,0.99999999
Ádám Nagy,0.99999999,0.0,0.0,0.0,0.0,1e-08,0.0,0.0,0.0,0,0.99999999
Mario Mitaj,0.99999999,0.0,0.0,0.0,0.0,1e-08,0.0,0.0,0.0,0,0.99999999
Łukasz Skorupski,0.99999999,0.0,0.0,0.0,0.0,0.0,1e-08,0.0,0.0,0,0.99999999
Scott McKenna,0.99999999,0.0,0.0,0.0,0.0,1e-08,0.0,0.0,0.0,0,0.99999999
Jaka Bijol,0.99999999,0.0,0.0,0.0,0.0,1e-08,0.0,0.0,0.0,0,0.99999999
Kasper Schmeichel,0.99999999,0.0,0.0,0.0,0.0,0.0,1e-08,0.0,0.0,0,0.99999999
Berat Djimsiti,0.99999999,0.0,0.0,0.0,0.0,1e-08,0.0,0.0,0.0,0,0.99999999
Nikola Milenković,0.99999999,0.0,0.0,0.0,0.0,1e-08,0.0,0.0,0.0,0,0.99999999
Salih Özcan,0.99999999,0.0,0.0,0.0,0.0,1e-08,0.0,0.0,0.0,0,0.99999999
Billy Gilmour,0.99999998,0.0,0.0,0.0,0.0,0.0,1e-08,0.0,0.0,0,0.99999998
Saša Lukić,0.99999998,0.0,0.0,0.0,0.0,2e-08,0.0,0.0,0.0,0,0.99999998
Philipp Lienhart,0.99999998,0.0,0.0,0.0,0.0,2e-08,0.0,0.0,0.0,0,0.99999998
Daniel Vivian,0.99999998,0.0,0.0,0.0,0.0,2e-08,0.0,0.0,0.0,0,0.99999998
Péter Gulácsi,0.99999998,0.0,0.0,0.0,0.0,0.0,2e-08,0.0,0.0,0,0.99999998
Conor Gallagher,0.99999998,0.0,0.0,0.0,0.0,0.0,2e-08,0.0,0.0,0,0.99999998
Predrag Rajković,0.99999998,0.0,0.0,0.0,0.0,0.0,2e-08,0.0,0.0,0,0.99999998
Gianluigi Donnarumma,0.99999998,0.0,0.0,0.0,0.0,0.0,2e-08,0.0,0.0,0,0.99999998
Attila Szalai,0.99999998,0.0,0.0,0.0,0.0,1e-08,1e-08,0.0,0.0,0,0.99999998
Timothy Castagne,0.99999998,0.0,0.0,0.0,0.0,2e-08,0.0,0.0,0.0,0,0.99999998
Josip Šutalo,0.99999997,0.0,0.0,0.0,0.0,3e-08,0.0,0.0,0.0,0,0.99999997
Kieran Tierney,0.99999996,0.0,0.0,0.0,0.0,0.0,4e-08,0.0,0.0,0,0.99999996
Thomas Strakosha,0.99999996,0.0,0.0,0.0,0.0,0.0,4e-08,0.0,0.0,0,0.99999996
Dominik Livaković,0.99999996,0.0,0.0,0.0,0.0,0.0,4e-08,0.0,0.0,0,0.99999996
William Saliba,0.99999995,0.0,0.0,0.0,0.0,5e-08,0.0,0.0,0.0,0,0.99999995
Gianluca Mancini,0.99999994,0.0,0.0,0.0,0.0,0.0,6e-08,0.0,0.0,0,0.99999994
Andriy Lunin,0.99999993,0.0,0.0,0.0,0.0,0.0,7e-08,0.0,0.0,0,0.99999993
Pepe,0.99999993,0.0,0.0,0.0,0.0,7e-08,0.0,0.0,0.0,0,0.99999993
Jindřich Staněk,0.99999992,0.0,0.0,0.0,0.0,0.0,8e-08,0.0,0.0,0,0.99999992
Nemanja Gudelj,0.99999992,0.0,0.0,0.0,0.0,0.0,8e-08,0.0,0.0,0,0.99999992
Jan Kuchta,0.99999992,0.0,0.0,0.0,0.0,0.0,8e-08,0.0,0.0,0,0.99999992
Andreas Christensen,0.9999999,0.0,0.0,0.0,0.0,1e-07,0.0,0.0,0.0,0,0.9999999
Wojciech Szczęsny,0.9999999,0.0,0.0,0.0,0.0,0.0,1e-07,0.0,0.0,0,0.9999999
Altay Bayındır,0.99999989,0.0,0.0,0.0,0.0,0.0,1.1e-07,0.0,0.0,0,0.99999989
Anatolii Trubin,0.99999988,0.0,0.0,0.0,0.0,0.0,1.2e-07,0.0,0.0,0,0.99999988
Denis Vavro,0.99999987,0.0,0.0,0.0,0.0,1.3e-07,0.0,0.0,0.0,0,0.99999987
Robin Hranáč,0.99999986,0.0,0.0,0.0,0.0,1.4e-07,0.0,0.0,0.0,0,0.99999986
David Doudera,0.99999986,0.0,0.0,0.0,0.0,0.0,1.4e-07,0.0,0.0,0,0.99999986
David Raya,0.99999985,0.0,0.0,0.0,0.0,0.0,1.5e-07,0.0,0.0,0,0.99999985
Martín Zubimendi,0.99999983,0.0,0.0,0.0,0.0,1.7e-07,0.0,0.0,0.0,0,0.99999983
John McGinn,0.99999977,0.0,0.0,0.0,0.0,0.0,2.3e-07,0.0,0.0,0,0.99999977
Kevin Danso,0.99999965,0.0,0.0,0.0,0.0,3.5e-07,0.0,0.0,0.0,0,0.99999965
Otar Kiteishvili,0.99999935,0.0,0.0,0.0,0.0,0.0,6.5e-07,0.0,0.0,0,0.99999935
Wout Faes,0.99999934,0.0,0.0,0.0,0.0,6.6e-07,0.0,0.0,0.0,0,0.99999934
John Stones,0.9999992,0.0,0.0,0.0,0.0,7.7e-07,0.0,3e-08,0.0,0,0.9999992
Jon Gorenc Stanković,0.99999915,0.0,0.0,0.0,0.0,2e-08,8.4e-07,0.0,0.0,0,0.99999915
Filip Mladenović,0.99999908,0.0,0.0,0.0,0.0,1.4e-07,7.7e-07,0.0,0.0,0,0.99999908
Arthur Theate,0.99999897,0.0,0.0,0.0,0.0,1.03e-06,0.0,0.0,0.0,0,0.99999897
Konrad Laimer,0.99999872,0.0,0.0,0.0,0.0,1.28e-06,0.0,0.0,0.0,0,0.99999872
Endre Botka,0.99999871,0.0,0.0,0.0,0.0,0.0,1.28e-06,0.0,0.0,0,0.99999871
Bartosz Slisz,0.99999829,0.0,0.0,0.0,0.0,4.9e-07,1.22e-06,0.0,0.0,0,0.99999829
Márton Dárdai,0.99999813,0.0,0.0,0.0,0.0,6e-08,1.82e-06,0.0,0.0,0,0.99999813
Giovanni Di Lorenzo,0.99999582,0.0,0.0,0.0,0.0,4.18e-06,0.0,0.0,0.0,0,0.99999582
Steven Bergwijn,0.99999547,0.0,0.0,0.0,0.0,7e-08,4.46e-06,0.0,0.0,0,0.99999547
Milan Škriniar,0.99999412,0.0,0.0,0.0,0.0,5.88e-06,0.0,0.0,0.0,0,0.99999412
Orel Mangala,0.99999407,0.0,0.0,0.0,0.0,5.91e-06,0.0,0.0,2e-08,0,0.99999407
Elseid Hysaj,0.99999349,0.0,0.0,0.0,0.0,4e-08,6.46e-06,0.0,0.0,0,0.99999349
Robin Le Normand,0.99998769,0.0,0.0,0.0,0.0,1.229e-05,0.0,2e-08,0.0,0,0.99998769
Nicolò Fagioli,0.99998759,0.0,0.0,0.0,0.0,4.7e-06,7.7e-06,0.0,0.0,0,0.99998759
Jonathan Tah,0.99998436,0.0,0.0,0.0,0.0,1.564e-05,0.0,0.0,0.0,0,0.99998436
Nicușor Bancu,0.99998284,0.0,0.0,1e-08,0.0,1.715e-05,0.0,0.0,0.0,0,0.99998284
Miloš Veljković,0.99997738,0.0,0.0,0.0,0.0,2.262e-05,0.0,0.0,0.0,0,0.99997738
Andreas Skov Olsen,0.99996875,0.0,0.0,0.0,0.0,6e-08,3.119e-05,0.0,0.0,0,0.99996875
Zuriko Davitashvili,0.99982992,0.0,0.0,0.0,0.0,0.0,0.00017008,0.0,0.0,0,0.99982992
Joško Gvardiol,0.9997585,0.0,0.0,1e-08,0.0,0.00024149,0.0,0.0,0.0,0,0.9997585
Valentin Mihaila,0.99957322,0.0,0.0,0.0,0.0,2.1e-05,0.00040578,0.0,0.0,0,0.99957322
Eduardo Camavinga,0.99655187,0.0,0.0,7e-08,0.0,0.00344806,0.0,0.0,0.0,0,0.99655187
Dayot Upamecano,0.99614487,0.0,0.0,0.0,0.0,0.00340641,0.0,0.00044872,0.0,0,0.99614487
Mario Pašalić,0.99536003,0.0,0.0,0.0,0.0,3.7e-07,0.0046396,0.0,0.0,0,0.99536003
Giorgi Chakvetadze,0.99024166,5e-08,0.0,3.95e-06,6e-08,0.00962196,0.000132,0.0,3.2e-07,0,0.99024166
Mykola Matviyenko,0.98645317,0.0,0.0,6e-08,0.0,0.01354677,0.0,0.0,0.0,0,0.98645317
Joselu,0.9377648,0.0,0.0,0.0,1e-08,4.59e-06,0.06223061,0.0,0.0,0,0.9377648
Álex Grimaldo,0.0,1.0,0.0,0.0,0.0,0.0,0.0,0.0,0.0,1,1.0
Alexander Prass,0.0,0.99999998,0.0,0.0,2e-08,0.0,0.0,0.0,0.0,1,0.99999998
Andrija Živković,0.0,0.9999999,0.0,0.0,0.0,0.0,0.0,1e-07,0.0,1,0.9999999
Maximilian Mittelstädt,0.0,0.99999988,0.0,0.0,0.0,0.0,0.0,1.2e-07,0.0,1,0.99999988
David Raum,0.0,0.99999516,0.0,0.0,4.84e-06,0.0,0.0,0.0,0.0,1,0.99999516
Rafael Leão,0.0,0.99997247,1.074e-05,0.0,1.29e-06,0.0,0.0,1.55e-05,0.0,1,0.99997247
Vladimír Coufal,0.0,0.99937708,0.0,0.0,0.0,0.0,0.0,0.00062292,0.0,1,0.99937708
Pedro Neto,0.0,0.99861567,0.0,0.0,7.414e-05,0.0,0.0,1e-08,0.00131018,1,0.99861567
Federico Chiesa,0.0,0.98836805,6.8e-07,0.0,0.00067866,0.0,0.01094507,7.53e-06,0.0,1,0.98836805
Nicolae Stanciu,0.0,0.89357882,1.8e-07,0.00097029,0.00310519,0.0,0.10222254,0.00012247,5.3e-07,1,0.89357882
Lamine Yamal,0.0,0.0,1.0,0.0,0.0,0.0,0.0,0.0,0.0,2,1.0
Kylian Mbappé,0.0,0.0,1.0,0.0,0.0,0.0,0.0,0.0,0.0,2,1.0
Dani Olmo,0.0,0.0,1.0,0.0,0.0,0.0,0.0,0.0,0.0,2,1.0
Kevin De Bruyne,0.0,0.0,0.99999999,0.0,0.0,0.0,0.0,1e-08,0.0,2,0.99999999
Christian Eriksen,0.0,0.0,0.99999997,0.0,2e-08,0.0,0.0,0.0,0.0,2,0.99999997
Ousmane Dembélé,0.0,4e-08,0.99999994,0.0,0.0,0.0,0.0,1e-08,0.0,2,0.99999994
Nico Williams,0.0,0.0,0.99999571,0.0,0.0,0.0,0.0,4.29e-06,0.0,2,0.99999571
Jamal Musiala,0.0,0.0,0.99999167,0.0,9e-08,1.4e-06,0.0,6.85e-06,0.0,2,0.99999167
Antoine Griezmann,0.0,0.0,0.99998796,0.0,0.0,0.0,0.0,1.204e-05,0.0,2,0.99998796
Xavi Simons,0.0,0.0,0.99996542,0.0,0.0,0.0,0.0,3.458e-05,0.0,2,0.99996542
Cody Gakpo,0.0,0.0,0.99994904,0.0,0.0,0.0,0.0,5.095e-05,0.0,2,0.99994904
Arda Güler,0.0,2.6e-07,0.99988133,0.0,5.8e-06,0.0,0.0,0.00011261,0.0,2,0.99988133
Memphis,0.0,0.0,0.99956989,0.0,0.00042941,0.0,0.0,6.9e-07,0.0,2,0.99956989
Bernardo Silva,0.0,0.0,0.99603845,0.0,0.0,0.0,0.0,0.00396155,0.0,2,0.99603845
Florian Wirtz,0.0,0.0,0.98739424,0.0,0.00738651,0.0052183,0.0,9.4e-07,0.0,2,0.98739424
Joey Veerman,0.0,0.00322946,0.97733506,3.4e-07,0.0003454,0.0,0.0,0.01908974,0.0,2,0.97733506
Timi Elšnik,0.0,3e-08,0.0,0.99999995,0.0,0.0,0.0,1e-08,0.0,3,0.99999995
Strahinja Pavlović,0.0,6e-08,0.0,0.99999985,0.0,0.0,0.0,1e-07,0.0,3,0.99999985
Peter Pekarík,0.0,0.0,0.0,0.99999985,0.0,0.0,0.0,6e-08,9e-08,3,0.99999985
Abdülkerim Bardakcı,0.0,0.0,0.0,0.99999868,0.0,0.0,0.0,1.32e-06,0.0,3,0.99999868
Otar Kakabadze,0.0,4.4e-06,0.0,0.99999555,0.0,0.0,0.0,0.0,5e-08,3,0.99999555
Marcelo Brozović,0.0,0.0,1.01e-06,0.99999363,0.0,0.0,0.0,5.35e-06,0.0,3,0.99999363
Alexander Bah,0.0,3e-08,1e-08,0.99999136,0.0,0.0,0.0,8.6e-06,0.0,3,0.99999136
Dávid Hancko,0.0,0.0,0.0,0.99994138,0.0,0.0,0.0,5.862e-05,0.0,3,0.99994138
Riccardo Calafiori,0.0,2e-08,0.0,0.99991338,0.0,0.0,0.0,8.66e-05,0.0,3,0.99991338
Joakim Mæhle,0.0,2.387e-05,0.0,0.99987099,3e-08,0.0,0.0,0.0,0.00010511,3,0.99987099
Tomáš Holeš,0.0,0.000123,0.0,0.99986236,0.0,0.0,0.0,6e-08,1.457e-05,3,0.99986236
Ivan Ilić,0.0,0.00039359,3.7e-07,0.99945752,0.00014638,0.0,0.0,2.14e-06,0.0,3,0.99945752
Nicola Zalewski,0.0,1.144e-05,0.0,0.99898034,8.415e-05,0.0,0.00083658,0.0,8.748e-05,3,0.99898034
Petar Stojanović,0.0,0.0001448,0.0,0.99026907,1.75e-06,0.0,0.00179073,0.0,0.00779366,3,0.99026907
Przemysław Frankowski,0.0,0.01320514,0.0,0.98303864,0.0,0.0,0.0,2e-08,0.0037562,3,0.98303864
Joachim Andersen,0.0,0.0,0.0,0.96521535,0.0,0.0,0.0,0.03478465,0.0,3,0.96521535
Josip Stanišić,0.0,5.303e-05,0.0,0.92512851,3.1e-07,0.0,0.0,0.0,0.07481815,3,0.92512851
Maximilian Wöber,0.0,0.02044845,0.0,0.89647389,2e-08,0.0,0.0,9.58e-06,0.08306807,3,0.89647389
Karol Świderski,0.0,0.0,0.0,0.0,1.0,0.0,0.0,0.0,0.0,4,1.0
Lukáš Haraslín,0.0,0.0,0.0,0.0,1.0,0.0,0.0,0.0,0.0,4,1.0
Donyell Malen,0.0,0.0,0.0,0.0,1.0,0.0,0.0,0.0,0.0,4,1.0
Ante Budimir,0.0,0.0,0.0,0.0,1.0,0.0,0.0,0.0,0.0,4,1.0
Cristiano Ronaldo,0.0,0.0,6.7e-07,0.0,0.99999933,0.0,0.0,0.0,0.0,4,0.99999933
Álvaro Morata,0.0,0.0,7.6e-07,0.0,0.99999921,0.0,0.0,1e-08,2e-08,4,0.99999921
Piotr Zieliński,0.0,0.0,1.56e-06,0.0,0.99999844,0.0,0.0,0.0,0.0,4,0.99999844
Pedri,0.0,0.0,2.47e-06,0.0,0.99999753,0.0,0.0,0.0,0.0,4,0.99999753
Orkun Kökçü,0.0,1e-08,9.9e-06,0.0,0.99999009,0.0,0.0,0.0,0.0,4,0.99999009
Dennis Man,0.0,0.0,0.0,0.0,0.99998511,0.0,0.0,0.0,1.489e-05,4,0.99998511
Dominik Szoboszlai,0.0,1.653e-05,4.22e-06,0.0,0.99997911,0.0,0.0,1.4e-07,0.0,4,0.99997911
Eberechi Eze,0.0,1.238e-05,0.0,0.0,0.9999785,9.13e-06,0.0,0.0,0.0,4,0.9999785
Roland Sallai,0.0,9.8e-07,0.0,0.0,0.99996363,0.0,0.0,0.0,3.539e-05,4,0.99996363
Kristjan Asllani,0.0,0.0,3.982e-05,0.0,0.99996009,0.0,0.0,9e-08,0.0,4,0.99996009
Jonas Wind,0.0,8.6e-07,0.0,0.0,0.99989764,0.0,0.0,0.0,0.0001015,4,0.99989764
Romelu Lukaku,0.0,0.0,0.0,0.0,0.99989012,0.00010988,0.0,0.0,0.0,4,0.99989012
Cole Palmer,0.0,0.0,1.3e-07,0.0,0.99976753,0.00023235,0.0,0.0,0.0,4,0.99976753
Lorenzo Pellegrini,0.0,0.00028352,1.08e-06,0.0,0.99971526,0.0,0.0,4e-08,1.1e-07,4,0.99971526
Kai Havertz,0.0,0.0,0.0,0.0,0.99954104,0.00045896,0.0,0.0,0.0,4,0.99954104
Mikel Oyarzabal,0.0,0.0,0.0,0.0,0.99952543,0.00047457,0.0,0.0,0.0,4,0.99952543
Leroy Sané,0.0,0.0,0.0,0.0,0.99921905,0.00078095,0.0,0.0,0.0,4,0.99921905
Christoph Baumgartner,0.0,0.0,4.584e-05,0.0,0.99715169,0.00280247,0.0,0.0,0.0,4,0.99715169
Harry Kane,0.0,6e-08,0.00562837,0.0,0.99429012,0.0,0.0,8.145e-05,0.0,4,0.99429012
Juraj Kucka,0.0,0.00953804,4.3e-07,1e-08,0.99007885,0.0,0.0,1.7e-07,0.00038249,4,0.99007885
Jeremy Doku,0.0,0.02322298,0.00702224,0.0,0.95332795,0.01641852,0.0,8.31e-06,0.0,4,0.95332795
Ruben Vargas,0.0,0.0,9.997e-05,0.0,0.87536539,0.12453437,0.0,2.7e-07,0.0,4,0.87536539
Wout Weghorst,0.0,0.0,0.0,0.0,0.70077078,0.29922922,0.0,0.0,0.0,4,0.70077078
Heorhiy Sudakov,0.0,0.0,0.00010988,0.0,0.63594341,0.36394671,0.0,0.0,0.0,4,0.63594341
Radu Drăgușin,0.0,0.0,0.0,0.0,0.0,1.0,0.0,0.0,0.0,5,1.0
Merih Demiral,0.0,0.0,0.0,0.0,0.0,1.0,0.0,0.0,0.0,5,1.0
Hakan Çalhanoğlu,0.0,0.0,0.0,0.0,0.0,0.99999997,0.0,3e-08,0.0,5,0.99999997
Jannik Vestergaard,0.0,0.0,0.0,1e-08,0.0,0.99999995,0.0,4e-08,0.0,5,0.99999995
Nacho,0.0,3e-08,0.0,0.0,0.0,0.99999983,0.0,0.0,1.5e-07,5,0.99999983
Florian Grillitsch,0.0,0.0,2e-08,0.0,0.0,0.99999972,0.0,2.5e-07,0.0,5,0.99999972
Jakub Kiwior,0.0,0.0,0.0,8e-07,0.0,0.99999918,0.0,0.0,2e-08,5,0.99999918
Samet Akaydın,0.0,0.0,0.0,3.8e-07,0.0,0.9999991,0.0,5.1e-07,0.0,5,0.9999991
Anzor Mekvabishvili,0.0,0.0,0.0,2e-08,0.0,0.99999787,0.0,0.0,2.11e-06,5,0.99999787
Kaan Ayhan,0.0,0.0,0.0,2.05e-06,0.0,0.9999977,0.0,2.5e-07,0.0,5,0.9999977
Andrei Ratiu,0.0,0.0,0.0,2.74e-06,0.0,0.99999724,0.0,0.0,2e-08,5,0.99999724
Manuel Neuer,0.0,2e-08,0.0,0.0,6e-08,0.99999713,0.0,0.0,2.79e-06,5,0.99999713
Tomáš Souček,0.0,4.5e-07,0.0,2.52e-06,1.9e-07,0.99999683,0.0,1e-08,0.0,5,0.99999683
Ladislav Krejčí,0.0,0.0,0.0,5.49e-06,0.0,0.99999448,0.0,3e-08,0.0,5,0.99999448
Diogo Dalot,0.0,0.0,0.0,0.0,5.78e-06,0.99999419,3e-08,0.0,0.0,5,0.99999419
Alessandro Bastoni,0.0,0.0,0.0,0.0,0.0,0.99999405,0.0,5.95e-06,0.0,5,0.99999405
Răzvan Marin,0.0,0.0,0.0,6.32e-06,5.2e-07,0.99999306,9e-08,0.0,1e-08,5,0.99999306
Gonçalo Inácio,0.0,0.0,0.0,0.0,0.0,0.99999285,0.0,7.15e-06,0.0,5,0.99999285
Ondrej Duda,0.0,5e-08,0.0,7.15e-06,0.0,0.99999278,0.0,1e-08,0.0,5,0.99999278
Žan Karničnik,0.0,0.0,0.0,8.07e-06,0.0,0.99999192,0.0,1e-08,0.0,5,0.99999192
András Schäfer,0.0,0.0,0.0,4.15e-06,5e-08,0.99999129,4.5e-06,0.0,0.0,5,0.99999129
Mert Müldür,0.0,0.0,0.0,1.015e-05,0.0,0.99998971,0.0,1.4e-07,0.0,5,0.99998971
Ivan Schranz,0.0,0.0,0.0,1e-08,9.6e-06,0.99998578,1e-08,0.0,4.6e-06,5,0.99998578
Volodymyr Brazhko,0.0,0.0,0.0,1e-08,0.0,0.99998537,0.0,0.0,1.462e-05,5,0.99998537
Mateo Kovačić,0.0,0.0,1.028e-05,0.0,5.24e-06,0.99998447,0.0,0.0,0.0,5,0.99998447
Luka Modrić,0.0,0.0,9e-08,0.0,0.0,0.99998382,0.0,1.609e-05,0.0,5,0.99998382
Adam Gnezda Čerin,0.0,0.0,0.0,1.639e-05,0.0,0.99998361,0.0,0.0,0.0,5,0.99998361
Morten Hjulmand,0.0,0.0,2.235e-05,0.0,2.4e-06,0.99997506,0.0,1.8e-07,0.0,5,0.99997506
Jakub Moder,0.0,0.0,0.0,0.0,1.42e-06,0.99997171,1.49e-06,0.0,2.538e-05,5,0.99997171
João Palhinha,0.0,0.0,0.0,5e-08,0.0,0.99996264,0.0,3.731e-05,0.0,5,0.99996264
Stanislav Lobotka,0.0,0.0,0.0,4.281e-05,0.0,0.99995647,0.0,7.2e-07,0.0,5,0.99995647
Sebastian Szymański,0.0,3e-08,0.0,0.0,6.1e-07,0.99995241,0.0,0.0,4.695e-05,5,0.99995241
Oleksandr Zinchenko,0.0,2.3e-07,0.0,4.872e-05,4.9e-07,0.99995055,0.0,0.0,0.0,5,0.99995055
Nico Schlotterbeck,0.0,0.0,0.0,0.0,5.338e-05,0.99994657,0.0,0.0,5e-08,5,0.99994657
Barış Alper Yılmaz,0.0,0.0,0.0,2.24e-06,5.658e-05,0.99994118,0.0,0.0,0.0,5,0.99994118
Remo Freuler,0.0,0.0,0.0,3.4e-06,0.0,0.9999371,0.0,5.949e-05,0.0,5,0.9999371
Fabian Rieder,0.0,5.86e-06,0.0,4e-08,5.407e-05,0.99993388,0.0,0.0,6.15e-06,5,0.99993388
Erik Janža,0.0,7e-08,0.0,7.346e-05,6e-08,0.99992112,0.0,0.0,5.3e-06,5,0.99992112
Giorgi Kochorashvili,0.0,0.0,0.0,8.362e-05,0.0,0.99991638,0.0,0.0,0.0,5,0.99991638
Mykola Shaparenko,0.0,0.0,0.0,8.906e-05,0.0,0.99991094,0.0,0.0,0.0,5,0.99991094
Mojmir Chytil,0.0,0.0,0.0,0.0,0.00012292,0.99987449,0.0,0.0,2.58e-06,5,0.99987449
Rúben Neves,0.0,4.673e-05,1e-08,0.0,8.327e-05,0.99986999,0.0,0.0,0.0,5,0.99986999
Amadou Onana,0.0,0.0,0.0,0.00013508,0.0,0.99986373,0.0,1.19e-06,0.0,5,0.99986373
Illia Zabarnyi,0.0,0.0,0.0,0.00014395,0.0,0.99985605,0.0,0.0,0.0,5,0.99985605
Willi Orban,0.0,1e-08,0.0,1.136e-05,1e-08,0.99982789,0.0,0.0,0.00016074,5,0.99982789
Marc Guéhi,0.0,0.0,0.0,0.0,0.0,0.99981135,0.0,0.00018865,0.0,5,0.99981135
Gianluca Scamacca,0.0,0.0,0.0,0.0,0.00020015,0.99978791,0.0,0.0,1.194e-05,5,0.99978791
Luka Lochoshvili,0.0,0.0,0.0,0.0,0.0,0.99973579,0.0,0.0,0.00026421,5,0.99973579
Robert Andrich,0.0,0.0,0.0,0.0,0.0,0.99964827,0.0,0.00035173,0.0,5,0.99964827
Benjamin Šeško,0.0,0.0,0.0,0.0,0.00039639,0.9996036,0.0,0.0,1e-08,5,0.9996036
Virgil van Dijk,0.0,0.0,0.0,0.0,0.0,0.99956598,0.0,0.00043402,0.0,5,0.99956598
Ylber Ramadani,0.0,0.0,0.0,9.1e-07,0.0,0.99946271,0.0,0.0,0.00053637,5,0.99946271
Nicolò Barella,0.0,0.0,7e-08,9e-08,0.0,0.99944724,0.0,0.0005526,0.0,5,0.99944724
Mikel Merino,0.0,0.0,3.921e-05,0.0,0.00064638,0.99931412,0.0,2.8e-07,0.0,5,0.99931412
Jan Bednarek,0.0,0.0,0.0,2.1e-07,0.0,0.99930026,0.0,0.0,0.00069953,5,0.99930026
Nathan Aké,0.0,0.0,0.0,2e-07,0.0,0.99929083,0.0,0.00070897,0.0,5,0.99929083
Manuel Akanji,0.0,0.0,0.0,0.0,0.0,0.99916256,0.0,0.00083744,0.0,5,0.99916256
İlkay Gündoğan,0.0,0.0,0.00056418,0.0,0.00055328,0.99888253,0.0,1e-08,0.0,5,0.99888253
Victor Bernth Kristiansen,0.0,7e-08,0.0,1e-08,2.48e-06,0.99857551,0.0,0.0,0.00142193,5,0.99857551
Youri Tielemans,0.0,0.0,3.7e-07,0.0,0.0014761,0.99848196,4.157e-05,1e-08,0.0,5,0.99848196
Kobbie Mainoo,0.00123298,0.0,0.0,0.00054764,0.0,0.99821892,0.0,4.6e-07,0.0,5,0.99821892
İsmail Yüksek,0.0,0.00091533,0.0,0.0,0.00080899,0.99821787,0.0,0.0,5.781e-05,5,0.99821787
Trent Alexander-Arnold,0.0,0.0,0.0,0.0,0.00228549,0.99751151,0.00020299,0.0,0.0,5,0.99751151
Scott McTominay,0.0,0.0,0.0,6.9e-07,2.3e-07,0.99709392,2e-07,0.0,0.00290496,5,0.99709392
Callum McGregor,0.0,5e-08,0.0,3.66e-06,4e-07,0.99457871,0.0,0.0,0.00541719,5,0.99457871
Robert Lewandowski,0.0,0.0,0.0,0.0,0.00677955,0.99321995,0.0,0.0,5e-07,5,0.99321995
Jorginho,0.0,2.5e-06,0.00038049,3e-08,0.0,0.99277265,0.0,0.00684433,0.0,5,0.99277265
Barnabás Varga,0.0,0.0,0.0,0.0,2.47e-06,0.99230056,0.00749668,0.0,0.00020028,5,0.99230056
Dan Ndoye,0.0,1.8e-07,8e-08,0.0,0.01628011,0.98371962,0.0,0.0,1e-08,5,0.98371962
Ianis Hagi,0.0,5e-08,0.0,7.1e-07,7.79e-06,0.97554882,0.0,0.0,0.02444263,5,0.97554882
Dávid Strelec,0.0,0.0,0.0,0.0,0.03242092,0.96757901,0.0,0.0,7e-08,5,0.96757901
Bryan Cristante,0.0,0.0,0.0,2e-08,1.064e-05,0.96583317,0.03413639,0.0,1.977e-05,5,0.96583317
Kenan Yıldız,0.0,0.0,1e-08,0.0,0.08252833,0.91747162,0.0,0.0,4e-08,5,0.91747162
Marcel Sabitzer,0.0,0.0,0.00290556,0.0,0.09141322,0.9056812,0.0,1e-08,0.0,5,0.9056812
Nicolas Seiwald,0.0,0.0,0.0,1e-08,0.0,0.77763907,0.0,0.22236092,0.0,5,0.77763907
Stefan de Vrij,0.0,0.0,0.0,0.0,0.0,0.72243451,0.0,0.27756549,0.0,5,0.72243451
Gernot Trauner,0.0,0.0,0.0,0.0,1.08e-06,0.61901368,0.38098524,0.0,0.0,5,0.61901368
Ryan Christie,0.0,0.0,0.0,0.0,0.0,0.0,1.0,0.0,0.0,6,1.0
Diogo Jota,0.0,0.0,0.0,0.0,1e-08,0.0,0.99999999,0.0,0.0,6,0.99999999
Patrik Schick,0.0,0.0,0.0,0.0,3e-08,0.0,0.99999997,0.0,0.0,6,0.99999997
Ivan Perišić,0.0,0.0,0.0,0.0,5e-08,0.0,0.99999995,0.0,0.0,6,0.99999995
Bradley Barcola,0.0,0.0,0.0,0.0,5e-08,0.0,0.99999995,0.0,0.0,6,0.99999995
Nélson Semedo,0.0,0.0,0.0,0.0,0.0,6e-08,0.99999994,0.0,0.0,6,0.99999994
Kwadwo Duah,0.0,0.0,0.0,0.0,7e-08,0.0,0.99999993,0.0,0.0,6,0.99999993
Kerem Aktürkoğlu,0.0,0.0,0.0,0.0,1.2e-07,0.0,0.99999988,0.0,0.0,6,0.99999988
Zeki Çelik,0.0,1.1e-07,0.0,0.0,3e-08,0.0,0.99999986,0.0,0.0,6,0.99999986
Adam Hložek,0.0,0.0,0.0,0.0,1.6e-07,0.0,0.99999984,0.0,0.0,6,0.99999984
Michael Gregoritsch,0.0,0.0,0.0,0.0,1.6e-07,0.0,0.99999984,0.0,0.0,6,0.99999984
Armando Broja,0.0,0.0,0.0,0.0,4.5e-07,6e-08,0.99999949,0.0,0.0,6,0.99999949
Roman Yaremchuk,0.0,0.0,0.0,0.0,5e-07,4e-08,0.99999947,0.0,0.0,6,0.99999947
David Jurásek,0.0,0.0,0.0,0.0,8e-07,0.0,0.9999992,0.0,0.0,6,0.9999992
Niclas Füllkrug,0.0,0.0,0.0,0.0,1.77e-06,0.0,0.99999823,0.0,0.0,6,0.99999823
Ferrán Torres,0.0,0.0,0.0,0.0,1.79e-06,0.0,0.99999821,0.0,0.0,6,0.99999821
João Félix,0.0,0.0,0.0,0.0,1.9e-06,0.0,0.9999981,0.0,0.0,6,0.9999981
Francisco Conceição,0.0,0.0,1e-08,0.0,2.41e-06,0.0,0.99999757,0.0,0.0,6,0.99999757
Marcus Thuram,0.0,0.0,0.0,0.0,2.97e-06,1.479e-05,0.99998223,0.0,0.0,6,0.99998223
Josip Juranović,0.0,2.854e-05,0.0,0.0,0.0,0.0,0.99997143,0.0,3e-08,6,0.99997143
Sergej Milinković-Savić,0.0,0.0,0.0,0.0,6.254e-05,0.0,0.99993513,0.0,2.33e-06,6,0.99993513
Leandro Trossard,0.0,0.0,0.0,0.0,7.11e-05,0.0,0.99992776,0.0,1.13e-06,6,0.99992776
Luka Sučić,0.0,0.0,0.0,0.0,7.922e-05,0.0,0.99992078,0.0,0.0,6,0.99992078
Heorhii Tsitaishvili,0.0,0.0,0.0,0.0,1e-08,0.00011157,0.99988841,0.0,1e-08,6,0.99988841
Patrick Wimmer,0.0,0.0,0.0,0.0,6.54e-06,0.00011682,0.99987665,0.0,0.0,6,0.99987665
Rasmus Højlund,0.0,0.0,0.0,0.0,1.025e-05,0.00011401,0.99987574,0.0,0.0,6,0.99987574
Mykhailo Mudryk,0.0,0.0,0.0,0.0,0.00012987,0.0,0.99987013,0.0,0.0,6,0.99987013
Tomáš Suslov,0.0,0.00015354,0.0,0.0,0.0,0.0,0.99984646,0.0,0.0,6,0.99984646
Dušan Vlahović,0.0,0.0,0.0,0.0,7.1e-07,0.00015559,0.9998437,0.0,0.0,6,0.9998437
Lovro Majer,0.0,2.56e-05,0.0,5.5e-07,0.00019988,0.0,0.99977384,0.0,1.3e-07,6,0.99977384
Breel Embolo,0.0,0.0,0.0,0.0,3.587e-05,0.00021043,0.99975371,0.0,0.0,6,0.99975371
Artem Dovbyk,1e-08,0.0,0.0,0.0,1.095e-05,0.0002524,0.99973664,0.0,0.0,6,0.99973664
Dušan Tadić,0.0,0.00030112,0.0,7.1e-07,6e-08,0.0,0.99968874,0.0,9.37e-06,6,0.99968874
Andrej Kramarić,0.0,0.0,0.0,0.0,0.00032996,0.0,0.99967004,0.0,0.0,6,0.99967004
Aleksandar Mitrović,0.0,0.0,0.0,0.0,1.17e-06,0.00035326,0.99964557,0.0,0.0,6,0.99964557
Florinel Coman,0.0,0.0,0.0,0.0,1.4e-06,0.00038153,0.99961708,0.0,0.0,6,0.99961708
Romano Schmid,0.0,0.0,0.0,0.0,5.4e-07,0.00044557,0.99955388,0.0,0.0,6,0.99955388
Andraž Šporar,0.0,1.9e-07,0.0,0.0,0.00062529,0.0,0.99937302,0.0,1.5e-06,6,0.99937302
Mateo Retegui,0.0,0.0,0.0,0.0,6e-08,0.00106278,0.99893716,0.0,0.0,6,0.99893716
Luka Jović,0.0,0.0,0.0,0.0,0.0,0.00107696,0.99892303,0.0,0.0,6,0.99892303
Rey Manaj,0.0,0.0,0.0,0.0,1e-08,0.00175232,0.99824767,0.0,0.0,6,0.99824767
Andriy Yarmolenko,0.00181351,0.0,0.0,0.0,1.04e-06,0.00015918,0.99802628,0.0,0.0,6,0.99802628
Marko Arnautović,0.0,0.0,0.0,0.0,2e-08,0.00337687,0.99662301,0.0,1e-07,6,0.99662301
Emre Can,0.0,0.0,0.0,0.0,2.8e-07,0.0037443,0.99625535,0.0,8e-08,6,0.99625535
Che Adams,0.0,0.0,0.0,0.0,1e-08,0.00735982,0.99263928,0.0,8.9e-07,6,0.99263928
Taulant Seferi,0.0,0.0,0.0,0.0,4e-08,0.00836192,0.99163803,0.0,0.0,6,0.99163803
Adam Buksa,0.0,0.0,0.0,0.0,6e-07,0.00960236,0.99039703,0.0,0.0,6,0.99039703
Khvicha Kvaratskhelia,0.0,7.1e-07,0.0,0.0,0.01265069,0.0,0.9873486,0.0,0.0,6,0.9873486
Nedim Bajrami,0.0,0.0,0.0,0.0,3e-08,0.01289849,0.98700722,0.0,9.425e-05,6,0.98700722
Róbert Boženík,0.0,0.0,0.0,0.0,1e-07,0.01469795,0.98530149,0.0,4.6e-07,6,0.98530149
Kacper Urbanski,0.0,0.0,0.0,0.0,1.03e-06,0.02658102,0.97341152,0.0,6.43e-06,6,0.97341152
Lukáš Provod,0.0,0.0,0.0,0.0,3.013e-05,0.04261931,0.95735055,0.0,1e-08,6,0.95735055
Randal Kolo Muani,0.0,0.0,0.0,0.0,6.5e-07,0.06152972,0.93846432,0.0,5.32e-06,6,0.93846432
Yannick Carrasco,0.0,0.0,0.0,0.0,0.00022789,0.30905917,0.69071213,0.0,8e-07,6,0.69071213
Antonio Rüdiger,0.0,0.0,0.0,0.0,0.0,0.0,0.0,1.0,0.0,7,1.0
Aurélien Tchouaméni,0.0,0.0,0.0,0.0,0.0,0.0,0.0,1.0,0.0,7,1.0
Aymeric Laporte,0.0,0.0,0.0,0.0,0.0,0.0,0.0,1.0,0.0,7,1.0
Declan Rice,0.0,0.0,0.0,0.0,0.0,0.0,0.0,1.0,0.0,7,1.0
Ferdi Kadioglu,0.0,0.0,0.0,0.0,0.0,0.0,0.0,1.0,0.0,7,1.0
Joshua Kimmich,0.0,0.0,0.0,0.0,0.0,0.0,0.0,1.0,0.0,7,1.0
Jules Koundé,0.0,0.0,0.0,0.0,0.0,0.0,0.0,1.0,0.0,7,1.0
N'Golo Kanté,0.0,0.0,0.0,0.0,0.0,0.0,0.0,1.0,0.0,7,1.0
Theo Hernández,0.0,0.0,0.0,0.0,0.0,0.0,0.0,1.0,0.0,7,1.0
Toni Kroos,0.0,0.0,0.0,0.0,0.0,0.0,0.0,1.0,0.0,7,1.0
Fabián Ruiz Peña,0.0,0.0,0.0,0.0,0.0,0.0,0.0,1.0,0.0,7,1.0
Marc Cucurella,0.0,0.0,0.0,0.0,0.0,0.0,0.0,1.0,0.0,7,1.0
Kieran Trippier,0.0,0.0,0.0,0.0,0.0,0.0,0.0,1.0,0.0,7,1.0
Nuno Mendes,0.0,0.0,0.0,0.0,0.0,0.0,0.0,1.0,0.0,7,1.0
Bukayo Saka,0.0,0.0,0.0,0.0,0.0,0.0,0.0,1.0,0.0,7,1.0
Stefan Posch,0.0,0.0,0.0,0.0,0.0,0.0,0.0,1.0,0.0,7,1.0
Jerdy Schouten,0.0,0.0,0.0,0.0,0.0,0.0,0.0,1.0,0.0,7,1.0
Granit Xhaka,0.0,0.0,0.0,0.0,0.0,0.0,0.0,1.0,0.0,7,1.0
João Cancelo,0.0,0.0,0.0,0.0,0.0,0.0,0.0,1.0,0.0,7,1.0
Kyle Walker,0.0,0.0,0.0,0.0,0.0,0.0,0.0,1.0,0.0,7,1.0
Rúben Dias,0.0,0.0,0.0,1e-08,0.0,0.0,0.0,0.99999999,0.0,7,0.99999999
Phil Foden,0.0,0.0,1e-08,0.0,0.0,0.0,0.0,0.99999999,0.0,7,0.99999999
Dani Carvajal,0.0,0.0,0.0,2.6e-07,0.0,0.0,0.0,0.99999974,0.0,7,0.99999974
Vitinha,0.0,0.0,2.9e-06,0.0,0.0,0.0,0.0,0.9999971,0.0,7,0.9999971
Pierre Højbjerg,0.0,0.0,3.06e-06,0.0,0.0,0.0,0.0,0.99999694,0.0,7,0.99999694
Rodri,0.0,0.0,0.0,0.0,0.0,7.63e-06,0.0,0.99999237,0.0,7,0.99999237
Denzel Dumfries,0.0,7.26e-06,3.59e-06,3.289e-05,0.0,0.0,0.0,0.99995626,0.0,7,0.99995626
Tijjani Reijnders,0.0,0.0,4e-08,0.0,0.0,7.896e-05,0.0,0.999921,0.0,7,0.999921
Fabian Schär,0.0,0.0,0.0,9.938e-05,0.0,0.0,0.0,0.99990062,0.0,7,0.99990062
Jude Bellingham,0.0,0.0,0.0,0.0,0.0,0.00068714,0.0,0.99931286,0.0,7,0.99931286
Bruno Fernandes,0.0,0.0,0.00134348,0.0,0.0,0.0,0.0,0.99865652,0.0,7,0.99865652
Adrien Rabiot,0.0,0.0,0.00319876,0.0,0.0,0.0,0.0,0.99680124,0.0,7,0.99680124
Ricardo Rodríguez,0.0,0.0,0.0,0.0093537,0.0,0.0,0.0,0.9906463,0.0,7,0.9906463
Michel Aebischer,0.0,0.0,1.8e-07,0.0,0.0,0.01524003,0.0,0.98475979,0.0,7,0.98475979
Jesús Navas,0.0,2.091e-05,0.0,4.73e-06,0.0,0.0,0.0,3e-08,0.99997432,8,0.99997432
Denis Drăguș,0.0,0.0,0.0,1.473e-05,8.655e-05,0.0,0.0,0.0,0.99989872,8,0.99989872
Lutsharel Geertruida,0.0,0.00011555,0.0,2e-08,5.02e-06,0.0,0.0,0.0,0.99987942,8,0.99987942
Bendegúz Bolla,0.0,1e-08,0.0,0.00016767,9.4e-07,0.0,7.25e-06,0.0,0.99982413,8,0.99982413
Davide Frattesi,0.0,4e-08,0.0,7.6e-07,0.00030343,0.0,0.0,0.0,0.99969578,8,0.99969578
Vanja Drkušič,0.0,7e-08,0.0,0.00045823,0.0,0.0,0.0,0.0,0.99954169,8,0.99954169
Jan Mlakar,0.0,2e-08,0.0,0.00106422,0.0,0.0,3.4e-07,0.0,0.99893542,8,0.99893542
Anthony Ralston,0.0,8.8e-07,0.0,0.00021708,0.0,0.0,0.00086113,0.0,0.99892091,8,0.99892091
Luke Shaw,0.0,3.71e-06,0.0,0.00152692,1e-08,0.0,0.00017322,0.0,0.99829615,8,0.99829615
Milos Kerkez,0.0,9e-08,0.0,4.484e-05,0.0,0.0,0.00272931,0.0,0.99722576,8,0.99722576
Jasir Asani,0.0,4.125e-05,0.0,0.0002576,0.00253912,0.0,0.0,0.0,0.99716203,8,0.99716203
Oleksandr Tymchyk,0.0,3.24e-05,0.0,0.00302173,1e-08,0.0,7.6e-07,1e-08,0.99694509,8,0.99694509
Qazim Laçi,0.0,5e-08,0.0,0.00289586,8.54e-06,0.0,0.00074388,0.0,0.99635168,8,0.99635168
Federico Dimarco,0.0,1.706e-05,0.0,0.00424891,1.536e-05,0.0,0.0,0.0,0.99571867,8,0.99571867
Phillipp Mwene,0.0,0.0111717,0.0,3.89e-06,1.81e-06,0.0,0.0,0.0,0.9888226,8,0.9888226
Georges Mikautadze,0.0,0.00021068,0.0,0.00013217,0.01373151,0.0,0.0,0.0,0.98592564,8,0.98592564
Andrew Robertson,0.0,9.643e-05,0.0,0.10678787,1e-08,0.0,0.0,0.0,0.89311569,8,0.89311569
Marius Marin,0.0,3.227e-05,0.0,0.17479341,1e-08,0.0,0.0,6e-08,0.82517426,8,0.82517426
