home_team_encoded,away_team_encoded,referee_encoded,home_goals,away_goals,home_xg,away_xg,home_poss,home_team_form,away_team_form,home_avg_goals_10,home_avg_xg_10,away_avg_goals_10,away_avg_xg_10,home_avg_conceded_10,away_avg_conceded_10,h2h_stat,result
7,0,2,0,2,1.2,1.0,56,0.0,3.0,0.0,1.2,2.0,1.0,2.0,0.0,0.0,-1
9,12,1,2,2,1.2,1.2,33,1.0,1.0,2.0,1.2,2.0,1.2,2.0,2.0,0.0,0
16,17,23,2,0,1.7,0.3,61,3.0,1.5,2.0,1.7,1.5328947368421053,1.4846052631578948,0.0,1.5328947368421053,0.0,1
20,19,0,4,1,1.5,0.5,58,3.0,0.0,4.0,1.5,1.0,0.5,1.0,4.0,0.0,1
2,1,17,2,0,0.6,0.7,35,3.0,0.0,2.0,0.6,0.0,0.7,0.0,2.0,0.0,1
10,22,19,2,1,0.8,1.3,40,3.0,1.5,2.0,0.8,1.5328947368421053,1.4846052631578948,1.0,1.5328947368421053,0.0,1
8,6,4,0,1,0.7,1.5,38,0.0,3.0,0.0,0.7,1.0,1.5,1.0,0.0,0.0,-1
15,4,16,1,2,1.4,1.5,62,0.0,1.5,1.0,1.4,1.5328947368421053,1.4846052631578948,2.0,1.5328947368421053,0.0,-1
11,3,9,2,2,0.6,0.8,56,1.0,1.0,2.0,0.6,2.0,0.8,2.0,2.0,0.0,0
21,14,14,0,2,0.5,2.2,25,0.0,3.0,0.0,0.5,2.0,2.2,2.0,0.0,0.0,-1
1,8,14,2,1,2.3,1.6,57,1.5,0.0,1.0,1.5,0.5,1.15,1.5,1.5,0.0,1
14,2,7,4,0,1.7,0.1,67,3.0,1.5,3.0,1.9500000000000002,1.0,0.35,0.0,2.0,0.0,1
0,11,6,4,2,2.7,0.5,50,3.0,0.5,3.0,1.85,2.0,0.55,1.0,3.0,0.0,1
4,16,8,0,0,1.5,0.2,54,2.0,1.5,1.0,1.5,1.5328947368421053,1.4846052631578948,0.5,1.5328947368421053,0.0,0
22,9,10,0,0,0.9,1.5,59,0.5,1.0,0.5,1.1,1.0,1.35,1.0,1.0,0.0,0
19,10,28,2,2,1.2,1.8,43,0.5,2.0,1.5,0.85,2.0,1.3,3.0,1.5,0.0,0
3,15,24,4,0,1.6,0.9,34,2.0,1.5,3.0,1.2000000000000002,1.5328947368421053,1.4846052631578948,1.0,1.5328947368421053,0.0,1
17,21,19,1,0,1.3,2.1,43,1.5,1.5,0.5,0.8,1.5328947368421053,1.4846052631578948,1.0,1.5328947368421053,0.0,1
6,20,2,2,2,1.6,1.0,63,2.0,1.5,1.5,1.55,1.5328947368421053,1.4846052631578948,1.0,1.5328947368421053,0.0,0
12,7,16,1,1,2.0,1.0,72,1.0,0.5,1.5,1.6,0.5,1.1,1.5,1.5,0.0,0
20,22,23,1,0,1.7,0.7,50,2.3333333333333335,1.5,2.3333333333333335,1.4000000000000001,1.5328947368421053,1.4846052631578948,1.0,1.5328947368421053,0.0,1
9,3,17,3,2,2.4,1.8,43,1.6666666666666667,1.3333333333333333,1.6666666666666667,1.7,2.6666666666666665,1.4000000000000001,1.3333333333333333,1.6666666666666667,0.0,1
7,1,1,3,1,2.6,0.9,51,1.3333333333333333,1.0,1.3333333333333333,1.5999999999999999,1.0,1.3,1.3333333333333333,2.0,0.0,1
8,17,0,1,1,1.5,1.0,49,0.3333333333333333,1.5,0.6666666666666666,1.2666666666666666,1.5328947368421053,1.4846052631578948,1.3333333333333333,1.5328947368421053,0.0,0
11,19,15,1,2,0.3,0.9,62,0.3333333333333333,1.3333333333333333,1.6666666666666667,0.4666666666666666,1.6666666666666667,0.8666666666666667,2.6666666666666665,2.3333333333333335,0.0,-1
2,0,4,0,3,0.3,1.3,43,1.0,3.0,0.6666666666666666,0.3333333333333333,3.0,1.6666666666666667,2.3333333333333335,0.6666666666666666,0.0,-1
21,4,2,0,2,0.8,1.7,50,0.0,1.5,0.0,1.1333333333333335,1.5328947368421053,1.4846052631578948,1.6666666666666667,1.5328947368421053,0.0,-1
10,6,24,3,0,2.1,0.9,39,2.3333333333333335,1.3333333333333333,2.3333333333333335,1.5666666666666667,1.0,1.3333333333333333,1.0,1.6666666666666667,0.0,1
16,14,9,3,3,1.8,2.1,31,1.6666666666666667,2.3333333333333335,1.6666666666666667,1.2333333333333334,3.0,2.0,1.0,1.0,0.0,0
15,12,14,2,1,1.8,1.3,30,1.0,0.6666666666666666,1.0,1.3666666666666665,1.3333333333333333,1.5,2.3333333333333335,1.6666666666666667,0.0,1
19,15,1,0,1,1.4,1.1,49,1.0,1.5,1.25,1.0,1.5328947368421053,1.4846052631578948,2.0,1.5328947368421053,0.0,-1
14,7,6,4,2,2.2,0.1,74,2.5,1.0,3.25,2.05,1.5,1.2249999999999999,1.25,2.0,0.0,1
12,2,24,9,0,3.3,0.3,69,1.25,0.75,3.25,1.95,0.5,0.325,1.25,4.0,0.0,1
4,10,15,1,0,2.0,1.8,44,2.5,1.75,1.25,1.675,1.75,1.625,0.25,1.0,0.0,1
3,8,10,1,1,2.1,1.1,58,1.25,0.5,2.25,1.5750000000000002,0.75,1.225,1.5,1.25,0.0,0
6,11,16,2,1,1.8,2.5,45,1.75,0.25,1.25,1.4500000000000002,1.5,0.975,1.5,2.5,0.0,1
0,9,9,2,1,2.6,0.8,71,3.0,1.25,2.75,1.9000000000000001,1.5,1.4749999999999999,0.75,1.5,0.0,1
1,21,7,0,1,0.5,0.6,58,0.75,1.5,0.75,1.1,1.5328947368421053,1.4846052631578948,1.75,1.5328947368421053,0.0,-1
22,16,17,1,1,0.7,1.7,37,0.5,1.5,0.5,0.9,1.5328947368421053,1.4846052631578948,1.0,1.5328947368421053,0.0,0
17,20,4,0,2,0.9,2.4,55,1.0,1.5,0.5,0.875,1.5328947368421053,1.4846052631578948,1.25,1.5328947368421053,0.0,-1
9,4,26,2,1,0.7,1.4,39,1.6,1.5,1.6,1.3199999999999998,1.5328947368421053,1.4846052631578948,1.4,1.5328947368421053,0.0,1
7,3,23,1,1,1.0,1.4,49,1.0,1.2,1.4,1.1800000000000002,2.0,1.54,1.8,1.4,0.0,0
19,6,14,2,1,1.1,1.1,33,1.4,1.4,1.4,1.02,1.2,1.3800000000000001,1.8,1.6,0.0,1
10,8,6,1,1,1.0,1.0,69,1.6,0.6,1.6,1.5,0.8,1.1800000000000002,1.0,1.2,0.0,0
14,17,16,6,0,3.3,0.7,74,2.6,1.5,3.8,2.3,1.5328947368421053,1.4846052631578948,1.0,1.5328947368421053,0.0,1
0,1,19,2,1,2.4,0.4,59,3.0,0.6,2.6,2.0,0.8,0.96,0.8,1.8,0.0,1
2,22,2,0,0,0.4,1.5,35,0.8,1.5,0.4,0.33999999999999997,1.5328947368421053,1.4846052631578948,3.2,1.5328947368421053,0.0,0
21,20,17,1,1,1.2,0.6,39,0.8,1.5,0.4,1.04,1.5328947368421053,1.4846052631578948,1.2,1.5328947368421053,0.0,0
12,16,0,2,1,1.5,0.7,72,1.6,1.5,3.0,1.86,1.5328947368421053,1.4846052631578948,1.2,1.5328947368421053,0.0,1
11,15,4,0,1,0.7,1.5,53,0.2,1.5,1.2,0.9199999999999999,1.5328947368421053,1.4846052631578948,2.2,1.5328947368421053,0.0,-1
8,12,2,0,0,1.7,2.1,39,0.8,1.6,0.6666666666666666,1.2666666666666666,2.5,1.9000000000000001,1.0,1.0,0.0,0
16,7,15,0,0,2.8,1.0,52,0.8,1.2,1.1666666666666667,1.4833333333333332,1.1666666666666667,1.1500000000000001,1.0,1.5,0.0,0
20,9,24,2,1,2.9,0.7,52,2.2,1.4,2.0,1.6833333333333333,1.5,1.2166666666666666,0.8333333333333334,1.5,0.0,1
3,10,19,5,2,2.3,1.7,32,1.6,1.0,2.5,1.6666666666666667,1.6666666666666667,1.5333333333333332,1.5,1.6666666666666667,0.0,1
6,21,1,2,1,0.9,1.1,67,1.4,1.5,1.3333333333333333,1.3,1.5328947368421053,1.4846052631578948,1.5,1.5328947368421053,0.0,1
22,19,10,1,0,0.8,1.2,51,1.2,1.4,0.5,0.9833333333333334,1.1666666666666667,1.05,0.6666666666666666,1.6666666666666667,0.0,1
17,2,14,2,3,1.9,0.8,52,0.8,0.8,0.6666666666666666,1.0166666666666666,0.8333333333333334,0.4166666666666667,2.3333333333333335,3.0,0.0,-1
1,14,23,1,1,0.3,2.1,29,0.8,2.2,0.8333333333333334,0.85,3.3333333333333335,2.2666666666666666,1.6666666666666667,1.0,0.0,0
4,11,28,5,2,2.6,1.4,53,2.0,0.0,1.8333333333333333,1.7833333333333332,1.3333333333333333,1.0,0.8333333333333334,2.6666666666666665,0.0,1
15,0,16,3,1,1.5,1.3,40,2.4,2.4,1.3333333333333333,1.3666666666666665,2.3333333333333335,1.8833333333333335,1.3333333333333333,1.1666666666666667,0.0,1
1,19,28,1,0,1.5,0.3,53,0.8,1.2,0.8571428571428571,0.9428571428571428,1.0,0.9428571428571428,1.4285714285714286,1.5714285714285714,0.0,1
17,9,9,2,3,1.4,0.9,41,0.2,1.8,0.8571428571428571,1.0714285714285714,1.7142857142857142,1.1714285714285713,2.4285714285714284,1.5714285714285714,0.0,-1
22,14,2,0,3,0.4,1.1,41,1.0,2.2,0.42857142857142855,0.9,3.2857142857142856,2.1,1.0,0.8571428571428571,0.0,-1
16,2,4,1,1,1.9,0.7,72,0.8,1.0,1.1428571428571428,1.5428571428571427,0.8571428571428571,0.4571428571428572,1.0,2.7142857142857144,0.0,0
20,11,23,6,2,2.2,1.8,44,2.6,0.0,2.5714285714285716,1.7571428571428573,1.4285714285714286,1.1142857142857143,1.0,3.142857142857143,0.0,1
3,0,7,0,3,0.5,1.5,37,1.0,2.4,2.142857142857143,1.5,2.4285714285714284,1.8285714285714287,1.7142857142857142,1.0,0.0,-1
8,21,14,1,0,0.4,1.0,53,1.4,1.5,0.7142857142857143,1.1428571428571428,1.5328947368421053,1.4846052631578948,0.8571428571428571,1.5328947368421053,0.0,1
0,20,2,3,1,2.4,1.6,64,2.4,1.5,2.5,1.9,1.5328947368421053,1.4846052631578948,1.0,1.5328947368421053,0.0,1
12,4,1,3,3,1.5,1.4,54,1.6,1.5,2.5714285714285716,1.842857142857143,1.5328947368421053,1.4846052631578948,1.2857142857142858,1.5328947368421053,0.0,0
9,16,6,1,4,0.5,3.3,33,1.2,1.5,1.625,1.0875,1.5328947368421053,1.4846052631578948,1.875,1.5328947368421053,0.0,-1
7,6,3,1,2,0.4,1.1,36,1.0,1.8,1.1428571428571428,1.042857142857143,1.4285714285714286,1.2714285714285716,1.5714285714285714,1.4285714285714286,0.0,-1
2,3,26,0,0,0.4,0.9,42,1.2,1.2,0.75,0.45,1.875,1.425,2.375,1.5,0.0,0
19,8,0,1,2,1.7,2.0,55,0.6,1.8,1.0,1.0375,0.875,1.25,1.625,0.875,0.0,-1
21,22,16,2,0,0.9,0.7,39,1.4,1.5,0.625,1.0250000000000001,1.5328947368421053,1.4846052631578948,1.125,1.5328947368421053,0.0,1
14,15,14,6,3,3.2,1.7,53,2.6,1.5,3.625,2.2375,1.5328947368421053,1.4846052631578948,1.125,1.5328947368421053,0.0,1
10,1,24,0,0,0.4,2.2,44,1.0,1.0,1.4285714285714286,1.3714285714285714,0.75,1.1,1.4285714285714286,1.25,0.0,0
11,17,19,4,0,1.3,1.1,51,0.6,1.5,1.75,1.1375,1.5328947368421053,1.4846052631578948,2.75,1.5328947368421053,0.0,1
14,19,1,4,0,2.4,0.2,65,2.6,0.6,3.6666666666666665,2.2555555555555555,0.8888888888888888,0.9444444444444444,1.0,1.8888888888888888,0.0,1
16,3,10,5,1,1.5,1.2,54,1.6,1.0,1.8888888888888888,1.7333333333333334,1.7777777777777777,1.4,1.0,1.8888888888888888,0.0,1
6,22,23,3,0,1.9,1.1,57,2.4,1.5,1.625,1.35,1.5328947368421053,1.4846052631578948,1.25,1.5328947368421053,0.0,1
2,11,15,2,1,1.1,1.0,45,1.8,0.6,0.8888888888888888,0.5222222222222223,1.6666666666666667,1.1222222222222222,2.2222222222222223,2.6666666666666665,0.0,1
4,20,28,0,1,0.7,0.8,59,1.4,1.5,1.75,1.6,1.5328947368421053,1.4846052631578948,1.125,1.5328947368421053,0.0,-1
7,10,16,2,1,1.1,1.0,54,1.0,0.4,1.25,1.05,1.375,1.325,1.5,1.5,0.0,1
21,9,3,3,1,2.4,0.7,50,1.4,1.2,0.8888888888888888,1.1777777777777778,1.5555555555555556,1.0444444444444445,1.1111111111111112,2.0,0.0,1
0,12,14,3,2,2.7,1.1,43,2.4,1.6,2.5555555555555554,1.9888888888888887,2.5,1.75,1.1111111111111112,1.5,0.0,1
8,15,7,1,2,0.6,1.4,40,1.6,1.5,0.8888888888888888,1.1777777777777778,1.5328947368421053,1.4846052631578948,1.0,1.5328947368421053,0.0,-1
17,1,2,1,1,0.3,0.7,40,0.2,1.2,0.7777777777777778,0.9888888888888889,0.7777777777777778,1.0555555555555556,2.4444444444444446,1.2222222222222223,0.0,0
3,4,15,2,0,1.5,1.9,28,1.4,1.5,1.8,1.41,1.5328947368421053,1.4846052631578948,1.7,1.5328947368421053,0.0,1
11,7,1,0,0,1.0,0.4,54,0.8,1.2,1.5,1.1099999999999999,1.1111111111111112,0.9777777777777779,2.4,1.3333333333333333,0.0,0
9,2,8,2,2,2.1,1.0,69,0.8,1.8,1.6,1.15,1.0,0.5700000000000001,2.0,2.2,0.0,0
22,17,26,1,0,1.3,1.5,58,1.2,1.5,0.4,0.9400000000000001,1.5328947368421053,1.4846052631578948,1.2,1.5328947368421053,0.0,1
20,8,16,2,0,2.2,0.4,62,2.4,1.4,2.2,1.69,0.8,1.1,1.0,1.1,0.0,1
15,16,4,0,0,0.8,0.8,63,2.0,1.5,1.4444444444444444,1.3444444444444443,1.5328947368421053,1.4846052631578948,1.6666666666666667,1.5328947368421053,0.0,0
1,6,19,0,2,1.8,0.9,42,1.2,2.4,0.7,1.1300000000000001,1.6666666666666667,1.3,1.3,1.1111111111111112,0.0,-1
10,0,3,0,1,1.8,0.5,47,0.4,2.4,1.2222222222222223,1.3777777777777778,2.4,1.8399999999999999,1.4444444444444444,1.0,0.0,-1
19,21,17,1,1,0.5,1.7,39,0.2,1.5,0.9,0.9,1.5328947368421053,1.4846052631578948,1.8,1.5328947368421053,0.0,0
12,14,2,1,0,2.1,1.0,37,1.6,2.0,2.3333333333333335,1.788888888888889,3.3,2.13,1.3333333333333333,1.0,0.0,1
4,17,6,0,0,1.7,0.1,70,1.0,1.5,1.4,1.64,1.5328947368421053,1.4846052631578948,1.1,1.5328947368421053,0.0,0
7,22,7,2,1,1.2,0.8,51,1.6,1.5,1.2,1.0,1.5328947368421053,1.4846052631578948,1.3,1.5328947368421053,0.0,1
16,8,28,1,0,1.5,0.2,49,2.2,1.2,1.6,1.6199999999999999,0.8,1.05,0.9,1.1,0.0,1
12,21,24,1,0,1.7,1.7,54,1.6,1.5,2.2,1.78,1.5328947368421053,1.4846052631578948,1.2,1.5328947368421053,0.0,1
3,6,9,0,0,1.3,0.9,34,1.0,2.6,1.6,1.46,1.5,1.26,1.5,1.0,0.0,0
2,19,10,0,1,1.0,1.0,54,1.2,0.8,0.8,0.6100000000000001,0.9,0.95,2.3,1.4,0.0,-1
15,20,23,2,0,1.5,0.6,52,2.0,1.5,1.5,1.3599999999999999,1.5328947368421053,1.4846052631578948,1.5,1.5328947368421053,0.0,1
9,1,14,3,0,2.1,1.2,60,1.4,1.0,1.7,1.24,0.7,1.1800000000000002,1.8,1.4,0.0,1
11,10,17,2,0,0.8,1.3,46,1.4,0.2,1.5,1.1300000000000001,1.1,1.3699999999999999,2.2,1.5,0.0,1
17,12,16,1,0,1.9,1.6,25,1.0,1.4,0.7,1.08,2.0,1.8199999999999998,2.1,1.1,0.0,1
14,4,4,3,1,1.6,0.5,48,2.4,1.5,3.4,2.0700000000000003,1.5328947368421053,1.4846052631578948,1.1,1.5328947368421053,0.0,1
8,7,23,3,0,1.4,0.9,46,1.2,1.4,1.0,1.0299999999999998,1.2,0.9700000000000001,0.9,1.4,0.0,1
6,15,24,1,1,1.1,0.8,48,2.2,1.5,1.5,1.2200000000000002,1.5328947368421053,1.4846052631578948,1.1,1.5328947368421053,0.0,0
1,3,6,4,0,2.8,0.9,45,1.0,1.0,0.9,1.23,1.2,1.3900000000000001,1.3,1.9,0.0,1
22,11,14,0,4,2.1,0.9,60,0.6,2.0,0.4,1.01,1.7,1.1700000000000002,1.6,1.8,0.0,-1
10,9,2,2,3,1.6,1.8,57,0.2,1.4,1.1,1.45,2.0,1.27,1.7,2.0,0.0,-1
19,0,19,1,1,0.7,1.0,41,1.0,2.6,0.8,0.9,2.3,1.8399999999999999,1.3,1.1,0.0,0
20,16,9,1,2,1.6,1.2,53,1.2,1.5,1.7,1.6600000000000001,1.5328947368421053,1.4846052631578948,1.1,1.5328947368421053,0.0,-1
21,2,7,2,0,1.9,0.4,55,2.0,1.0,1.1,1.33,0.8,0.64,0.9,2.1,0.0,1
11,14,19,0,1,0.7,1.0,36,1.4,2.4,1.6,1.21,3.1,2.0,1.7,1.1,0.0,-1
16,1,16,4,0,3.4,0.4,59,2.6,0.8,1.9,1.8800000000000001,0.8,1.18,0.7,1.4,0.0,1
4,6,1,4,1,2.4,1.4,41,0.8,1.6,1.7,1.6300000000000001,1.4,1.2,1.4,1.3,0.0,1
3,22,20,1,1,1.4,0.6,58,1.0,1.5,1.1,1.35,1.5328947368421053,1.4846052631578948,1.7,1.5328947368421053,0.0,0
7,19,15,1,0,0.9,1.3,44,2.0,1.0,1.2,0.9600000000000002,0.6,0.9400000000000001,1.3,1.3,0.0,1
2,20,2,2,3,0.5,2.0,31,0.8,1.5,1.0,0.66,1.5328947368421053,1.4846052631578948,2.1,1.5328947368421053,0.0,-1
9,8,10,0,0,1.9,0.9,56,1.6,0.8,1.7,1.22,0.9,0.97,1.8,0.8,0.0,0
12,10,14,1,2,1.7,1.8,68,1.2,0.6,2.0,1.7900000000000003,1.1,1.45,1.2,1.6,0.0,-1
0,17,23,5,0,2.3,0.4,69,2.6,1.5,2.4,1.8,1.5328947368421053,1.4846052631578948,0.9,1.5328947368421053,0.0,1
15,21,3,1,0,1.2,1.1,53,2.2,1.5,1.6,1.3299999999999998,1.5328947368421053,1.4846052631578948,1.0,1.5328947368421053,0.0,1
14,9,6,2,1,2.1,1.0,70,2.4,1.6,3.0,2.0,1.7,1.2399999999999998,0.9,1.8,0.0,1
22,4,8,2,3,1.2,1.5,29,0.8,1.5,0.6,1.05,1.5328947368421053,1.4846052631578948,1.8,1.5328947368421053,0.0,-1
17,3,0,2,2,1.5,1.5,48,1.0,1.2,0.8,1.08,1.2,1.2899999999999998,2.5,1.8,0.0,0
10,2,28,4,3,2.2,1.5,60,1.2,0.2,1.2,1.46,1.3,0.78,1.9,1.6,0.0,1
8,11,7,0,2,1.2,2.3,49,0.8,2.0,0.8,0.9799999999999999,1.7,1.19,0.9,1.5,0.0,-1
6,0,14,0,1,0.3,2.1,45,1.0,2.6,1.4,1.1400000000000001,2.2,1.8800000000000001,1.1,0.9,0.0,-1
1,15,2,3,1,0.6,0.5,42,1.2,1.5,1.1,1.19,1.5328947368421053,1.4846052631578948,1.4,1.5328947368421053,0.0,1
21,7,16,1,2,0.3,1.0,42,0.8,2.0,1.1,1.33,1.1,0.8,1.0,1.3,0.0,-1
19,16,24,1,4,1.7,0.9,55,1.0,1.5,0.7,0.97,1.5328947368421053,1.4846052631578948,1.6,1.5328947368421053,0.0,-1
20,12,1,1,2,1.2,1.2,47,1.2,1.8,1.8,1.57,2.1,1.78,1.5,1.1,0.0,-1
14,3,17,1,2,1.6,1.3,74,1.8,1.2,2.7,1.9400000000000002,1.3,1.28,0.9,1.8,0.0,-1
12,19,23,3,1,1.9,1.1,60,1.8,0.8,1.5,1.64,0.6,0.9700000000000001,1.2,1.8,0.0,1
20,10,15,4,3,1.8,1.1,55,1.2,1.2,2.1,1.6900000000000002,1.5,1.3900000000000001,1.7,2.2,0.0,1
21,11,9,0,2,1.4,1.8,54,0.6,2.4,1.0,1.35,1.9,1.3,1.1,1.4,0.0,-1
2,8,4,3,0,2.4,0.8,36,0.6,0.8,1.6,0.9800000000000001,0.7,0.96,1.6,1.1,0.0,1
17,7,10,1,0,1.1,1.2,32,1.6,1.8,0.9,1.12,0.9,0.9100000000000001,1.9,1.0,0.0,1
16,6,19,1,0,1.0,0.3,49,3.0,0.4,2.2,1.8299999999999996,1.2,0.99,0.5,1.1,0.0,1
22,0,24,0,2,0.7,2.1,38,0.2,2.6,0.6,0.97,2.2,1.8299999999999996,2.0,0.8,0.0,-1
4,1,3,1,2,0.6,1.5,65,1.4,1.8,1.8,1.4700000000000002,1.2,1.3,1.8,1.3,0.0,-1
9,15,16,1,2,1.4,2.5,53,1.4,1.5,1.6,1.31,1.5328947368421053,1.4846052631578948,1.9,1.5328947368421053,0.0,-1
3,20,7,2,2,2.0,1.1,39,1.2,1.5,1.0,1.25,1.5328947368421053,1.4846052631578948,1.8,1.5328947368421053,0.0,0
7,9,1,0,3,0.4,2.5,36,1.2,1.4,0.8,0.85,1.8,1.49,1.2,1.7,0.0,-1
8,22,4,1,2,1.7,0.8,58,0.8,1.5,0.8,0.96,1.5328947368421053,1.4846052631578948,1.3,1.5328947368421053,0.0,-1
11,16,9,0,3,0.5,1.9,60,1.8,1.5,1.7,1.21,1.5328947368421053,1.4846052631578948,1.2,1.5328947368421053,0.0,-1
19,4,19,1,3,1.9,0.6,34,0.2,1.5,0.7,1.0399999999999998,1.5328947368421053,1.4846052631578948,2.0,1.5328947368421053,0.0,-1
1,12,16,1,3,1.4,2.7,48,1.8,1.8,1.2,1.41,1.6,1.7600000000000002,1.5,1.2,0.0,-1
0,21,14,3,1,2.1,1.0,66,2.6,1.5,2.3,1.8,1.5328947368421053,1.4846052631578948,0.8,1.5328947368421053,0.0,1
6,2,23,2,0,1.8,0.5,60,0.8,0.6,1.3,1.06,1.3,0.95,0.9,1.6,0.0,1
15,17,2,3,0,2.4,0.7,65,2.0,1.5,1.8,1.43,1.5328947368421053,1.4846052631578948,1.3,1.5328947368421053,0.0,1
10,14,24,1,3,0.6,4.3,31,1.2,2.4,1.5,1.35,2.4,2.04,2.4,1.0,0.0,-1
21,3,6,0,2,1.3,1.6,63,0.0,1.8,1.0,1.3699999999999999,1.2,1.3599999999999999,1.3,1.5,0.0,-1
12,11,4,2,1,2.2,1.0,57,2.4,1.2,1.8,1.77,1.6,1.1300000000000001,1.3,0.8,0.0,1
22,15,19,0,1,0.7,2.0,46,0.8,1.5,0.7,1.0,1.5328947368421053,1.4846052631578948,1.9,1.5328947368421053,0.0,-1
14,8,1,1,1,1.7,0.1,74,2.0,0.4,2.4,2.0,0.8,0.9299999999999999,1.0,1.4,0.0,0
16,10,23,0,0,2.2,0.4,60,2.6,1.4,2.4,1.77,1.3,1.2200000000000002,0.4,1.9,0.0,0
9,19,8,2,1,1.5,0.8,62,1.4,0.0,1.7,1.55,0.8,1.09,1.6,2.1,0.0,1
2,7,0,0,2,0.6,1.6,59,0.6,1.8,1.2,0.9400000000000001,1.0,0.9100000000000001,1.7,1.2,0.0,-1
4,0,2,2,4,1.2,2.9,68,1.8,3.0,1.7,1.25,2.6,1.9600000000000002,1.9,0.7,0.0,-1
20,1,10,0,2,0.7,1.0,59,1.4,1.8,1.5,1.36,1.3,1.3599999999999999,1.8,1.5,0.0,-1
17,6,17,1,1,1.4,0.9,29,1.0,0.8,0.6,1.0,1.2,1.06,1.7,0.9,0.0,0
3,12,24,3,1,1.6,0.9,28,2.2,2.4,1.5,1.4300000000000002,1.6,1.7100000000000002,1.6,1.3,0.0,1
0,16,1,0,0,1.1,1.0,66,2.6,1.5,2.3,1.92,1.5328947368421053,1.4846052631578948,0.7,1.5328947368421053,0.0,0
8,4,0,1,4,1.3,2.2,49,0.2,1.5,0.7,0.86,1.5328947368421053,1.4846052631578948,1.7,1.5328947368421053,0.0,-1
11,9,5,0,1,1.7,1.7,61,1.2,1.8,1.2,1.17,1.7,1.67,0.9,1.2,0.0,-1
15,2,15,3,0,2.2,0.6,58,2.4,0.6,1.6,1.53,1.2,0.96,0.6,2.0,0.0,1
19,17,26,0,1,0.5,1.4,63,0.0,1.5,0.7,0.97,1.5328947368421053,1.4846052631578948,2.0,1.5328947368421053,0.0,-1
10,21,7,2,2,1.6,1.4,62,1.0,1.5,1.5,1.3400000000000003,1.5328947368421053,1.4846052631578948,2.1,1.5328947368421053,0.0,0
1,22,9,1,1,1.8,0.9,56,2.0,1.5,1.4,1.3199999999999998,1.5328947368421053,1.4846052631578948,1.6,1.5328947368421053,0.0,0
7,20,14,0,4,0.8,1.4,47,1.2,1.5,0.9,0.95,1.5328947368421053,1.4846052631578948,1.4,1.5328947368421053,0.0,-1
6,14,16,0,1,0.4,2.0,48,0.8,2.0,1.0,0.99,2.2,2.0900000000000003,0.9,1.0,0.0,-1
9,6,7,2,1,1.0,2.1,48,2.4,0.8,1.8,1.7,0.8,1.01,1.0,1.1,0.0,1
1,10,14,2,1,1.2,2.4,52,2.0,0.4,1.5,1.3699999999999999,1.5,1.48,1.6,2.1,0.0,1
15,14,24,2,1,1.7,0.6,30,3.0,1.4,1.6,1.56,1.7,1.83,0.6,0.9,0.0,1
4,12,6,3,0,1.9,1.0,61,1.8,1.8,2.1,1.45,1.4,1.7,1.6,1.3,0.0,1
22,21,23,1,0,0.9,1.1,58,1.4,1.5,0.9,1.0,1.5328947368421053,1.4846052631578948,1.5,1.5328947368421053,0.0,1
17,11,16,2,0,2.4,1.0,39,2.0,0.6,0.8,1.2399999999999998,1.1,1.17,1.2,0.9,0.0,1
8,19,10,1,2,1.4,1.2,52,0.2,0.6,0.7,0.9400000000000001,0.9,1.0699999999999998,1.7,1.7,1.0,-1
3,2,9,2,0,1.4,0.6,50,2.6,0.6,1.6,1.45,1.0,0.9099999999999999,1.1,2.1,0.0,1
16,9,19,1,0,2.2,1.1,62,2.2,2.4,1.6,1.61,1.6,1.6,0.2,0.9,0.0,1
6,7,17,1,0,1.5,0.7,61,1.4,0.6,0.7,1.0699999999999998,0.7,0.9100000000000001,1.1,1.4,1.0,1
20,0,4,0,2,1.6,1.8,51,1.4,2.6,1.7,1.4200000000000002,2.2,1.86,1.7,0.6,0.0,-1
7,15,19,1,1,0.5,2.1,40,0.8,1.5,0.8,0.9199999999999999,1.5328947368421053,1.4846052631578948,1.5,1.5328947368421053,0.0,0
14,20,23,4,2,2.3,0.8,58,2.0,1.5,1.7,1.8199999999999998,1.5328947368421053,1.4846052631578948,1.1,1.5328947368421053,0.0,1
12,6,14,0,0,1.4,1.6,48,1.4,1.0,1.3,1.6300000000000001,0.7,1.1400000000000001,1.3,1.1,0.0,0
21,8,24,2,0,2.2,0.5,33,0.8,0.2,0.8,1.3399999999999999,0.7,0.95,1.4,1.7,0.0,1
2,17,1,1,1,1.4,1.9,43,0.2,1.5,0.9,0.95,1.5328947368421053,1.4846052631578948,2.0,1.5328947368421053,0.0,0
11,4,26,2,2,0.9,1.7,37,0.2,1.5,1.3,1.16,1.5328947368421053,1.4846052631578948,1.1,1.5328947368421053,0.0,0
19,1,15,0,1,0.6,1.4,37,0.6,2.0,0.8,1.08,1.6,1.3299999999999998,1.7,1.4,-1.0,-1
7,16,4,0,0,0.3,1.2,40,1.0,1.5,0.6,0.8300000000000001,1.5328947368421053,1.4846052631578948,1.4,1.5328947368421053,0.0,0
14,22,7,3,0,2.8,0.8,55,2.0,1.5,2.0,2.0,1.5328947368421053,1.4846052631578948,1.0,1.5328947368421053,0.0,1
10,3,17,0,0,0.5,0.4,58,0.6,2.2,1.5,1.35,1.4,1.34,2.0,1.1,-1.0,0
0,15,2,3,2,3.1,0.4,57,2.6,1.5,2.2,1.9,1.5328947368421053,1.4846052631578948,0.6,1.5328947368421053,0.0,1
9,20,16,0,1,1.0,0.9,54,1.8,1.5,1.3,1.49,1.5328947368421053,1.4846052631578948,1.0,1.5328947368421053,0.0,-1
6,9,24,0,0,1.3,0.6,66,1.0,1.4,0.6,1.16,1.0,1.3699999999999999,1.0,0.8,-1.0,0
8,0,7,1,0,1.7,0.9,30,0.8,2.0,0.8,1.1,2.1,1.94,1.6,0.7,0.0,1
15,7,0,2,1,2.0,1.3,52,2.0,0.4,1.8,1.7,0.7,0.8699999999999999,1.0,1.3,0.0,1
4,2,4,1,0,2.2,1.1,71,2.0,0.2,2.4,1.48,0.9,0.96,1.6,2.0,0.0,1
1,11,6,2,4,1.7,2.6,62,2.0,0.8,1.8,1.38,1.5,1.3399999999999999,1.5,1.3,0.0,-1
3,19,5,3,0,2.0,0.7,49,2.6,0.6,1.7,1.41,0.7,1.05,1.1,2.0,0.0,1
22,12,16,3,0,2.0,1.8,41,1.4,0.8,1.0,1.0699999999999998,1.2,1.64,1.6,1.6,0.0,1
16,21,17,1,1,1.0,1.0,62,1.4,1.5,1.6,1.6,1.5328947368421053,1.4846052631578948,0.3,1.5328947368421053,0.0,0
17,10,19,1,0,0.4,0.9,30,2.2,0.6,1.0,1.31,1.5,1.31,1.2,1.9,0.0,1
20,14,1,1,0,1.4,1.3,36,1.8,1.8,1.8,1.2899999999999998,1.7,1.97,1.7,1.0,0.0,1
15,10,23,2,2,2.0,0.6,66,1.6,0.6,1.9,1.78,1.5,1.21,1.2,1.8,0.0,0
21,6,4,1,1,1.3,1.1,29,1.2,1.2,0.8,1.21,0.6,1.1300000000000001,1.5,0.7,0.0,0
0,3,17,1,1,1.6,2.0,69,1.6,2.2,2.1,2.0,1.8,1.52,0.7,0.8,1.0,0
9,17,1,2,0,1.5,0.7,50,1.4,1.5,1.2,1.33,1.5328947368421053,1.4846052631578948,0.8,1.5328947368421053,0.0,1
7,4,14,1,1,1.1,2.5,27,0.6,1.5,0.7,0.89,1.5328947368421053,1.4846052631578948,1.4,1.5328947368421053,0.0,0
11,20,15,4,1,1.7,1.3,49,1.4,1.5,1.5,1.42,1.5328947368421053,1.4846052631578948,1.4,1.5328947368421053,0.0,1
19,22,9,1,2,1.1,0.8,41,0.6,1.5,0.7,1.09,1.5328947368421053,1.4846052631578948,2.1,1.5328947368421053,0.0,-1
2,16,24,1,1,1.5,1.3,34,0.4,1.5,1.0,1.0699999999999998,1.5328947368421053,1.4846052631578948,1.9,1.5328947368421053,0.0,0
10,15,16,0,2,1.8,1.1,34,0.4,1.5,1.3,1.2100000000000002,1.5328947368421053,1.4846052631578948,1.9,1.5328947368421053,0.0,-1
14,1,19,3,1,3.3,0.3,67,1.8,1.4,1.9,2.2,1.5,1.1300000000000001,1.1,1.8,0.0,1
12,8,23,2,0,2.3,0.4,59,0.8,0.6,1.4,1.7100000000000002,0.5,1.0,1.5,1.8,0.0,1
0,14,2,1,3,1.6,1.8,63,1.4,2.4,1.7,1.9300000000000002,2.0,2.17,1.0,1.1,0.0,-1
1,0,23,2,4,0.5,3.2,33,1.2,1.4,1.7,1.1400000000000001,2.0,2.04,1.8,1.2,-1.0,-1
4,9,6,0,1,2.2,0.3,65,1.6,1.4,2.0,1.6600000000000001,1.2,1.26,1.4,0.6,0.0,-1
3,7,16,1,1,0.9,1.1,59,1.8,0.8,1.8,1.4700000000000002,0.6,0.9,0.8,1.4,0.0,0
6,19,7,0,1,1.6,0.6,62,1.2,1.2,0.6,1.26,0.8,1.02,0.7,2.0,-1.0,-1
22,2,15,0,1,1.3,1.1,68,1.8,1.0,1.1,1.0100000000000002,0.9,1.13,1.3,1.6,0.0,-1
17,14,8,1,1,0.9,2.4,27,1.6,2.0,1.0,1.2399999999999998,2.0,2.25,1.0,1.0,0.0,0
8,10,1,1,0,1.4,0.5,51,1.2,0.4,0.6,1.05,0.9,1.04,1.8,1.7,0.0,1
16,12,2,0,2,2.0,1.9,38,1.2,1.4,1.1,1.4700000000000002,1.5,1.73,0.5,1.3,0.0,-1
15,11,24,3,0,4.4,1.6,57,2.0,1.4,2.1,2.0300000000000002,1.5,1.51,0.8,1.6,0.0,1
20,21,14,2,0,1.5,0.5,57,1.8,1.5,1.7,1.25,1.5328947368421053,1.4846052631578948,1.7,1.5328947368421053,0.0,1
9,22,14,1,1,0.5,0.8,51,1.6,1.5,1.2,1.17,1.5328947368421053,1.4846052631578948,0.5,1.5328947368421053,0.0,0
21,17,9,4,0,2.7,0.4,49,1.6,1.5,1.1,1.39,1.5328947368421053,1.4846052631578948,1.4,1.5328947368421053,0.0,1
8,1,2,0,2,1.6,1.9,47,1.2,1.2,0.6,1.09,1.6,1.27,1.8,1.7,-1.0,-1
11,0,4,0,1,0.0,0.7,35,1.4,1.4,1.3,1.28,1.9,1.9,1.7,1.2,-1.0,-1
10,19,17,1,0,0.9,0.4,61,0.8,0.6,0.7,1.02,0.7,0.89,1.3,1.7,0.0,1
2,14,16,1,4,1.0,2.4,35,1.0,2.0,0.7,1.0799999999999998,2.1,2.06,1.6,1.0,-1.0,-1
7,12,6,0,0,0.7,0.9,37,0.8,1.6,0.6,0.85,1.3,1.7,1.3,1.2,0.0,0
20,6,24,2,0,0.8,0.4,41,2.4,0.6,1.5,1.15,0.6,1.27,1.4,0.8,0.0,1
0,8,14,4,0,2.4,1.2,73,2.0,1.2,2.0,1.9299999999999997,0.6,1.13,1.1,1.9,-1.0,1
12,22,16,2,0,2.6,0.8,57,2.0,1.5,1.2,1.77,1.5328947368421053,1.4846052631578948,1.1,1.5328947368421053,0.0,1
14,16,23,2,0,1.3,0.4,56,2.6,1.5,2.2,2.02,1.5328947368421053,1.4846052631578948,0.9,1.5328947368421053,0.0,1
0,2,3,3,2,2.1,1.3,79,2.4,0.8,1.9,1.85,0.6,0.97,1.1,1.9,1.0,1
4,21,24,4,0,3.5,0.3,65,1.6,1.5,2.1,1.86,1.5328947368421053,1.4846052631578948,1.2,1.5328947368421053,0.0,1
1,7,4,1,0,1.2,0.2,58,1.2,0.6,1.5,1.2399999999999998,0.6,0.8300000000000001,1.6,1.1,-1.0,1
6,10,14,1,0,1.5,1.0,57,1.0,0.8,0.5,1.24,0.6,1.06,0.8,1.1,-1.0,1
22,20,27,1,0,0.5,1.2,46,1.4,1.5,0.9,0.95,1.5328947368421053,1.4846052631578948,1.0,1.5328947368421053,0.0,1
19,11,19,1,0,1.4,1.9,35,1.2,1.2,0.7,0.9199999999999999,1.1,1.29,1.4,1.8,1.0,1
17,8,10,2,2,0.8,1.7,57,1.0,0.8,0.9,1.1,0.7,1.1300000000000001,1.4,1.9,0.0,0
12,15,1,7,0,2.8,0.8,59,2.6,1.5,1.6,1.78,1.5328947368421053,1.4846052631578948,1.0,1.5328947368421053,0.0,1
3,9,2,3,2,2.1,1.4,37,1.8,1.6,1.9,1.5299999999999998,1.1,1.06,0.8,0.8,-1.0,1
2,12,10,1,0,0.9,1.7,31,1.4,2.0,0.7,1.01,1.4,1.73,1.7,1.0,-1.0,1
20,17,4,3,1,2.0,1.5,55,1.8,1.5,1.6,1.29,1.5328947368421053,1.4846052631578948,1.2,1.5328947368421053,0.0,1
8,3,23,1,0,1.0,2.0,33,1.4,1.6,0.7,1.2200000000000002,1.7,1.6,1.8,0.8,0.0,1
11,6,0,1,3,2.4,1.6,48,0.6,1.4,1.2,1.48,0.7,1.31,1.8,0.8,-1.0,-1
10,4,16,2,2,0.9,2.7,38,0.8,1.5,0.8,1.11,1.5328947368421053,1.4846052631578948,1.3,1.5328947368421053,0.0,0
7,14,19,0,1,0.2,2.1,33,0.6,2.6,0.4,0.6900000000000001,2.2,2.03,1.2,0.9,-1.0,-1
15,19,2,0,0,0.8,1.0,47,1.6,1.4,1.7,1.7500000000000004,0.6,0.8300000000000001,1.5,1.1,0.0,0
9,0,7,0,3,0.8,2.3,45,1.4,3.0,0.9,0.99,2.2,1.97,1.0,1.1,-1.0,-1
21,1,3,1,1,2.1,1.5,41,1.0,1.4,1.1,1.3900000000000001,1.5,1.25,1.4,1.4,0.0,0
16,22,1,2,1,1.8,1.1,43,1.0,1.5,0.8,1.5,1.5328947368421053,1.4846052631578948,0.7,1.5328947368421053,0.0,1
4,7,17,1,0,0.6,1.1,57,1.6,0.4,2.0,2.0700000000000003,0.4,0.7200000000000001,1.1,0.9,0.0,1
19,3,15,0,2,0.5,1.9,66,1.4,1.6,0.5,0.8,1.7,1.59,1.1,0.6,-1.0,-1
17,16,16,1,2,0.4,2.4,39,0.4,1.5,1.0,1.08,1.5328947368421053,1.4846052631578948,1.5,1.5328947368421053,0.0,-1
1,2,19,3,0,3.5,1.3,56,2.0,1.2,1.6,1.5,0.7,1.0799999999999998,1.4,1.8,-1.0,1
3,11,5,1,1,0.6,1.3,53,1.6,0.2,1.6,1.49,1.2,1.51,0.7,1.7,0.0,0
22,10,15,2,4,2.7,1.6,65,0.8,1.4,1.1,1.1700000000000002,1.0,1.1099999999999999,1.4,1.3,0.0,-1
19,20,23,3,3,2.4,2.3,51,1.0,1.5,0.8,0.99,1.5328947368421053,1.4846052631578948,1.3,1.5328947368421053,0.0,0
6,8,6,2,2,2.3,1.2,68,1.4,1.0,0.9,1.5,0.8,1.21,0.9,1.6,1.0,0
0,7,24,4,1,1.6,0.8,62,3.0,0.2,2.4,1.95,0.5,0.7300000000000001,1.2,1.2,1.0,1
14,12,23,4,1,2.9,0.3,68,2.6,1.4,2.5,2.2600000000000002,1.4,1.67,0.8,1.1,-1.0,1
0,10,6,4,1,3.8,0.7,66,3.0,1.4,2.5,2.02,1.0,0.9400000000000001,1.1,1.5,1.0,1
4,3,14,3,3,4.2,1.6,72,1.6,1.6,2.1,2.37,1.6,1.49,1.0,0.9,0.0,0
7,11,27,2,1,2.3,0.2,52,0.6,0.2,0.6,0.9100000000000001,1.3,1.3599999999999999,1.2,1.8,0.0,1
2,9,17,2,1,2.6,0.8,43,1.2,0.8,0.9,1.28,0.9,0.9,1.6,1.2,0.0,1
17,22,3,1,1,1.3,0.5,29,0.4,1.5,1.0,1.0699999999999998,1.5328947368421053,1.4846052631578948,1.6,1.5328947368421053,0.0,0
6,1,1,0,2,2.1,0.9,69,1.4,2.6,0.8,1.5,1.7,1.41,0.9,1.3,1.0,-1
21,19,16,1,0,1.4,0.3,43,1.4,1.0,1.2,1.4,0.6,0.9,1.2,1.3,0.0,1
16,15,24,2,0,3.7,0.4,46,1.8,1.5,0.9,1.7,1.5328947368421053,1.4846052631578948,0.8,1.5328947368421053,0.0,1
8,20,7,1,1,0.9,1.4,39,1.2,1.5,0.8,1.16,1.5328947368421053,1.4846052631578948,1.5,1.5328947368421053,0.0,0
2,4,5,0,2,1.7,2.7,37,1.2,1.5,0.9,1.3900000000000001,1.5328947368421053,1.4846052631578948,1.6,1.5328947368421053,0.0,-1
11,1,8,1,2,0.5,1.0,36,0.2,2.6,1.4,1.31,1.7,1.3900000000000001,1.8,1.3,1.0,-1
10,17,19,2,1,1.8,0.8,61,1.4,1.5,1.2,1.07,1.5328947368421053,1.4846052631578948,1.6,1.5328947368421053,0.0,1
6,12,2,0,0,2.2,0.3,49,1.6,1.4,0.7,1.57,1.4,1.6,0.9,0.8,0.0,0
15,3,10,1,0,1.2,0.7,64,1.4,1.0,1.3,1.52,1.4,1.4200000000000002,1.6,1.0,0.0,1
21,16,4,1,5,1.0,3.3,42,1.4,1.5,1.1,1.3599999999999999,1.5328947368421053,1.4846052631578948,1.5,1.5328947368421053,0.0,-1
15,8,14,2,0,3.4,1.0,63,1.4,1.2,1.4,1.65,0.8,1.21,1.5,1.5,0.0,1
1,17,2,2,0,1.3,0.2,63,2.6,1.5,1.8,1.3800000000000001,1.5328947368421053,1.4846052631578948,1.3,1.5328947368421053,0.0,1
20,4,24,2,1,0.8,1.4,35,1.6,1.5,1.6,1.3599999999999999,1.5328947368421053,1.4846052631578948,1.1,1.5328947368421053,0.0,1
3,16,3,1,2,2.6,1.3,42,1.0,1.5,1.5,1.64,1.5328947368421053,1.4846052631578948,1.2,1.5328947368421053,0.0,-1
9,21,9,0,1,0.7,1.1,76,0.2,1.5,0.7,0.8699999999999999,1.5328947368421053,1.4846052631578948,1.2,1.5328947368421053,0.0,-1
22,6,17,1,0,0.6,1.1,38,1.4,1.0,1.2,1.11,0.7,1.52,1.2,1.0,0.0,1
11,2,7,0,1,0.6,1.9,51,0.2,1.8,1.2,1.28,0.9,1.44,1.7,1.5,-1.0,-1
19,14,19,1,4,0.4,2.9,27,0.4,3.0,0.7,0.8799999999999999,2.5,2.32,1.6,0.7,-1.0,-1
10,7,23,1,5,0.9,3.0,48,1.4,1.2,1.3,1.07,1.1,1.1800000000000002,2.0,1.3,-1.0,-1
12,0,16,2,2,3.9,1.4,59,1.0,2.6,1.6,1.85,2.7,2.0700000000000003,1.0,1.2,-1.0,0
1,16,10,3,0,1.9,0.5,52,3.0,1.5,1.9,1.4,1.5328947368421053,1.4846052631578948,0.9,1.5328947368421053,0.0,1
20,2,1,2,3,2.2,1.3,58,1.6,1.8,1.7,1.4899999999999998,1.2,1.46,1.4,1.6,0.0,-1
6,4,19,1,2,0.5,2.9,43,0.4,1.5,0.8,1.44,1.5328947368421053,1.4846052631578948,1.2,1.5328947368421053,0.0,-1
22,3,16,2,0,0.8,1.1,50,1.4,0.4,1.1,0.9900000000000002,1.2,1.55,1.2,1.4,0.0,1
8,9,2,1,3,1.4,1.8,46,1.0,0.6,0.8,1.1800000000000002,1.0,0.9400000000000001,1.8,1.2,0.0,-1
19,7,14,0,2,0.8,0.9,58,0.2,1.8,0.7,0.89,1.2,1.1400000000000001,1.5,1.1,-1.0,-1
14,11,6,3,1,1.6,2.3,70,3.0,0.2,2.5,2.2,0.9,1.2499999999999998,0.8,1.8,1.0,1
21,0,7,2,2,1.8,2.7,30,1.6,2.2,1.2,1.3199999999999998,2.8,2.18,1.6,1.3,0.0,0
17,15,23,0,2,0.7,3.5,32,0.2,1.5,0.7,0.77,1.5328947368421053,1.4846052631578948,2.1,1.5328947368421053,0.0,-1
10,12,4,1,6,1.4,2.7,27,1.2,1.0,1.2,1.15,2.2,1.94,2.4,0.8,1.0,-1
0,19,23,3,3,2.5,1.3,74,1.8,0.4,3.0,2.27,0.9,0.9099999999999999,1.3,1.6,0.0,0
9,10,17,2,1,1.7,0.8,50,1.2,0.6,1.2,1.01,1.3,1.05,1.2,2.4,1.0,1
12,17,14,3,2,2.8,0.9,80,1.6,1.5,2.3,1.9900000000000002,1.5328947368421053,1.4846052631578948,1.0,1.5328947368421053,0.0,1
3,1,15,1,1,2.7,1.5,44,0.4,2.6,1.2,1.6199999999999999,1.9,1.52,1.4,0.7,-1.0,0
7,8,10,0,0,0.5,0.4,56,2.0,0.6,1.1,1.08,0.8,1.1800000000000002,1.0,1.6,-1.0,0
11,22,1,2,1,2.4,0.9,42,0.6,1.5,0.7,1.3199999999999998,1.5328947368421053,1.4846052631578948,1.8,1.5328947368421053,0.0,1
16,20,7,6,1,3.7,1.0,56,2.4,1.5,2.0,2.04,1.5328947368421053,1.4846052631578948,1.3,1.5328947368421053,0.0,1
2,21,2,0,4,1.5,2.4,64,1.8,1.5,1.1,1.46,1.5328947368421053,1.4846052631578948,1.9,1.5328947368421053,0.0,-1
22,7,19,2,0,1.4,0.8,41,2.0,2.0,1.2,1.01,1.0,1.05,1.2,1.1,0.0,1
1,9,26,1,0,1.0,0.1,51,2.6,1.2,1.8,1.5699999999999998,1.2,0.96,0.3,1.3,-1.0,1
10,11,16,1,1,1.5,2.1,41,0.8,0.8,1.4,1.15,0.8,1.3699999999999999,2.4,1.6,-1.0,0
17,4,9,3,1,2.4,2.3,26,0.6,1.5,1.1,0.9400000000000001,1.5328947368421053,1.4846052631578948,2.2,1.5328947368421053,0.0,1
6,3,1,0,2,1.3,1.1,71,0.2,0.8,0.7,1.4600000000000002,1.3,1.64,1.3,1.3,0.0,-1
21,12,3,1,2,0.8,1.9,28,1.4,2.2,1.5,1.41,2.3,1.9899999999999998,1.6,1.1,0.0,-1
14,0,14,4,1,2.5,0.5,52,3.0,1.2,2.9,2.32,2.7,2.0,0.8,1.5,1.0,1
8,16,0,1,4,0.9,2.4,40,0.4,1.5,0.8,1.13,1.5328947368421053,1.4846052631578948,2.0,1.5328947368421053,0.0,-1
19,2,6,0,1,0.5,0.9,57,0.2,1.8,0.8,0.9,1.1,1.44,1.7,1.9,1.0,-1
20,15,2,2,2,2.5,2.0,40,1.0,1.5,1.8,1.5699999999999998,1.5328947368421053,1.4846052631578948,1.8,1.5328947368421053,0.0,0
7,21,4,4,3,2.1,1.7,59,2.0,1.5,1.4,1.19,1.5328947368421053,1.4846052631578948,1.4,1.5328947368421053,0.0,1
4,22,7,6,0,3.3,0.8,57,1.8,1.5,2.2,2.5799999999999996,1.5328947368421053,1.4846052631578948,1.2,1.5328947368421053,0.0,1
3,17,17,2,1,1.6,0.7,68,1.4,1.5,1.2,1.59,1.5328947368421053,1.4846052631578948,1.2,1.5328947368421053,0.0,1
15,1,9,1,0,1.2,0.6,57,2.6,2.0,1.3,1.8800000000000001,1.6,1.44,1.1,0.4,0.0,1
16,19,2,3,1,4.3,0.8,63,2.4,0.2,2.6,2.38,0.9,0.9400000000000001,1.2,1.9,0.0,1
9,14,23,1,2,0.2,2.5,38,1.2,3.0,1.1,0.8300000000000001,2.8,2.24,1.5,0.8,-1.0,-1
2,10,3,4,1,1.9,1.6,42,2.4,0.2,1.4,1.53,1.4,1.22,1.6,2.8,-1.0,1
12,20,16,4,3,2.2,2.0,67,2.6,1.5,2.7,2.12,1.5328947368421053,1.4846052631578948,1.4,1.5328947368421053,0.0,1
11,8,14,2,2,3.4,3.1,54,1.0,0.4,1.0,1.7100000000000002,1.0,1.28,1.7,2.0,1.0,0
0,6,19,3,1,1.7,0.8,55,1.2,0.2,2.9,2.1,0.8,1.3800000000000001,1.6,1.5,1.0,1
14,21,10,3,0,2.3,0.4,69,3.0,1.5,2.8,2.29,1.5328947368421053,1.4846052631578948,0.7,1.5328947368421053,0.0,1
12,9,24,1,0,1.8,0.9,57,3.0,1.2,2.6,2.04,1.0,0.89,1.4,1.6,0.0,1
4,15,0,1,0,2.3,1.4,59,1.8,1.5,2.3,2.59,1.5328947368421053,1.4846052631578948,1.1,1.5328947368421053,0.0,1
14,10,1,2,1,2.6,0.2,80,3.0,0.2,2.9,2.31,1.5,1.1400000000000001,0.7,2.9,1.0,1
20,7,6,1,0,0.9,0.4,56,0.8,1.4,1.8,1.6300000000000001,1.4,1.21,2.2,1.4,0.0,1
22,1,24,1,0,0.8,1.5,38,1.8,1.4,1.2,1.01,1.5,1.47,1.5,0.5,0.0,1
2,6,10,1,3,1.2,1.3,35,1.8,0.6,1.3,1.52,1.1,1.4700000000000002,1.6,1.4,-1.0,-1
12,3,2,1,0,2.2,0.2,54,3.0,1.4,2.0,1.9799999999999998,1.2,1.4100000000000001,1.4,1.2,-1.0,1
16,0,3,0,2,1.3,1.3,55,1.8,1.6,2.6,2.4699999999999998,2.7,1.9900000000000002,1.2,1.6,0.0,-1
21,15,17,1,0,1.3,1.2,35,1.2,1.5,1.5,1.4,1.5328947368421053,1.4846052631578948,1.7,1.5328947368421053,0.0,1
9,11,19,5,3,1.6,2.8,57,1.2,1.0,1.4,1.0,1.3,1.8,1.8,2.1,1.0,1
4,8,23,1,5,3.2,2.3,78,1.8,1.0,2.0,2.56,1.5,1.3900000000000001,1.6,1.7,0.0,-1
17,19,14,4,3,1.8,3.1,36,1.2,0.2,1.4,1.07,1.1,1.1099999999999999,2.1,2.3,0.0,1
10,16,23,2,2,2.0,2.3,36,0.4,1.5,1.5,1.25,1.5328947368421053,1.4846052631578948,2.9,1.5328947368421053,0.0,0
15,22,10,2,0,3.2,0.3,48,1.4,1.5,1.0,1.83,1.5328947368421053,1.4846052631578948,0.6,1.5328947368421053,0.0,1
1,20,17,2,1,1.2,1.4,48,1.4,1.5,1.6,1.44,1.5328947368421053,1.4846052631578948,0.5,1.5328947368421053,0.0,1
7,2,15,2,0,1.5,0.3,59,1.4,1.2,1.6,1.34,1.2,1.46,1.3,1.8,1.0,1
6,17,16,2,2,1.2,1.3,75,0.8,1.5,1.2,1.44,1.5328947368421053,1.4846052631578948,1.6,1.5328947368421053,0.0,0
19,9,26,0,2,0.4,1.4,36,0.2,1.2,1.1,1.05,1.4,1.0,2.5,1.5,-1.0,-1
3,21,14,2,0,3.4,0.2,53,2.0,1.5,1.2,1.56,1.5328947368421053,1.4846052631578948,1.2,1.5328947368421053,0.0,1
8,14,2,0,3,1.6,0.8,37,1.0,3.0,1.3,1.38,2.8,2.15,1.8,0.6,0.0,-1
0,4,1,0,3,0.9,1.7,41,1.4,1.5,2.4,1.8699999999999999,1.5328947368421053,1.4846052631578948,1.7,1.5328947368421053,0.0,-1
11,12,4,0,3,0.4,2.2,34,1.0,3.0,1.2,1.6,2.3,2.0300000000000002,2.1,1.3,-1.0,-1
16,4,19,4,1,3.6,0.5,35,2.0,1.5,2.8,2.64,1.5328947368421053,1.4846052631578948,1.3,1.5328947368421053,0.0,1
20,3,9,1,3,1.7,1.2,61,0.8,2.4,1.7,1.6199999999999999,1.4,1.6199999999999999,2.5,1.2,0.0,-1
12,1,10,1,1,0.7,1.3,66,2.6,1.4,2.3,2.07,1.4,1.22,1.0,0.6,1.0,0
9,7,11,2,2,1.7,1.6,49,1.4,1.4,1.6,1.09,1.8,1.3900000000000001,1.4,1.4,1.0,0
22,8,7,1,1,1.6,2.0,52,1.4,1.0,1.1,1.04,1.3,1.48,1.6,1.9,0.0,0
2,15,3,0,1,1.0,1.4,41,1.2,1.5,1.2,1.4300000000000002,1.5328947368421053,1.4846052631578948,1.6,1.5328947368421053,0.0,-1
17,0,2,1,0,0.6,0.6,19,2.0,1.2,1.5,1.07,2.1,1.7,1.8,1.8,0.0,1
21,10,17,3,1,2.1,0.9,59,1.2,0.4,1.6,1.28,1.2,1.18,1.9,3.0,0.0,1
4,19,16,3,1,2.5,0.6,63,1.8,0.0,2.1,2.2800000000000002,1.2,1.06,1.6,2.6,0.0,1
14,6,14,1,0,1.2,1.2,64,3.0,0.8,2.7,2.1399999999999997,0.9,1.4000000000000001,0.6,1.6,1.0,1
16,11,0,0,0,2.1,0.1,77,1.6,0.6,2.6,2.48,1.1,1.48,1.3,2.0,0.0,0
4,14,23,1,1,2.2,1.8,40,1.4,2.6,2.0,2.23,2.7,2.1100000000000003,1.7,0.7,0.0,0
15,6,24,4,1,5.2,1.9,42,1.8,0.8,1.5,2.37,0.8,1.3599999999999999,0.5,1.8,0.0,1
0,22,0,5,0,2.8,0.5,51,1.8,1.5,2.2,1.8199999999999998,1.5328947368421053,1.4846052631578948,1.7,1.5328947368421053,0.0,1
15,9,19,2,1,2.9,1.8,53,2.4,1.4,1.6,2.54,1.6,1.19,0.6,1.4,0.0,1
1,4,7,2,1,2.8,1.4,41,1.4,1.5,1.4,1.41,1.5328947368421053,1.4846052631578948,0.7,1.5328947368421053,0.0,1
3,14,10,1,0,1.3,1.6,35,2.4,2.0,1.2,1.5900000000000003,2.3,1.9799999999999998,0.9,0.7,1.0,1
7,17,26,1,1,1.4,0.5,66,1.6,1.5,1.8,1.45,1.5328947368421053,1.4846052631578948,1.1,1.5328947368421053,0.0,0
6,16,9,1,1,2.2,1.7,64,1.0,1.5,0.9,1.37,1.5328947368421053,1.4846052631578948,1.7,1.5328947368421053,0.0,0
8,2,24,1,0,1.0,0.5,38,1.6,0.6,1.2,1.46,1.0,1.22,1.7,1.6,-1.0,1
11,21,23,2,1,1.4,1.4,48,1.0,1.5,1.2,1.5999999999999999,1.5328947368421053,1.4846052631578948,1.9,1.5328947368421053,0.0,1
10,20,2,1,4,1.5,2.2,52,0.2,1.5,1.2,1.26,1.5328947368421053,1.4846052631578948,3.0,1.5328947368421053,0.0,-1
19,12,6,4,4,1.8,4.0,31,0.2,2.2,1.3,1.0,2.7,2.4400000000000004,2.7,1.4,-1.0,0
5,14,4,0,3,0.3,1.9,35,0.0,2.0,0.0,0.3,2.2,1.8800000000000001,3.0,0.6,0.0,-1
0,17,14,2,1,0.8,1.2,78,1.8,1.5,2.0,1.52,1.5328947368421053,1.4846052631578948,1.7,1.5328947368421053,1.0,1
4,13,7,4,1,4.0,1.5,70,1.4,0.0,2.2,2.34,1.0,1.5,1.7,4.0,0.0,1
2,21,17,1,1,1.3,1.1,62,0.2,1.5,1.1,1.18,1.5328947368421053,1.4846052631578948,1.5,1.5328947368421053,-1.0,0
8,9,24,0,1,2.7,1.5,42,1.4,2.0,1.1,1.64,1.7,1.27,1.7,1.3,-0.5,-1
18,7,10,0,1,0.5,1.9,32,0.0,1.6,0.0,0.5,1.7,1.41,1.0,1.0,0.0,-1
16,1,1,5,1,3.3,1.8,52,1.8,1.4,2.5,2.52,1.3,1.49,1.3,1.1,1.0,1
3,20,19,2,2,2.2,1.3,31,2.0,1.5,1.4,1.7399999999999998,1.5328947368421053,1.4846052631578948,1.0,1.5328947368421053,0.0,0
6,12,2,1,1,1.4,1.3,65,0.6,1.8,1.0,1.29,2.6,2.18,1.8,1.3,0.0,0
15,22,23,1,0,2.2,2.2,51,3.0,1.5,1.5,2.42,1.5328947368421053,1.4846052631578948,0.6,1.5328947368421053,1.0,1
17,18,17,2,1,1.4,0.5,50,1.6,1.5,1.7,1.15,1.5328947368421053,1.4846052631578948,1.7,1.5328947368421053,0.0,1
12,2,26,3,1,3.0,1.3,64,1.8,0.2,2.3,2.21,1.1,1.1199999999999999,1.3,1.8,0.0,1
9,3,5,0,3,0.5,3.7,55,1.4,2.6,1.4,1.1400000000000001,1.6,1.85,1.5,0.8,0.0,-1
22,4,1,1,4,2.1,2.2,47,0.2,1.5,0.8,1.1400000000000001,1.5328947368421053,1.4846052631578948,2.1,1.5328947368421053,-1.0,-1
20,15,14,2,0,1.7,2.1,55,1.4,1.5,1.9,1.69,1.5328947368421053,1.4846052631578948,2.3,1.5328947368421053,0.0,1
14,16,19,1,0,1.0,0.3,59,2.0,1.5,2.0,1.8199999999999998,1.5328947368421053,1.4846052631578948,0.5,1.5328947368421053,1.0,1
1,8,2,4,0,2.9,0.6,60,2.0,0.8,1.5,1.65,1.1,1.6,1.1,1.9,1.0,1
21,6,10,3,1,1.8,2.5,25,1.4,0.4,1.7,1.3199999999999998,1.1,1.4300000000000002,1.6,2.0,0.0,1
7,0,7,0,1,1.0,2.0,47,1.6,1.8,1.2,1.2100000000000002,1.9,1.58,1.0,1.5,-1.0,-1
6,13,19,3,0,2.2,0.4,67,1.0,0.0,1.3,1.6,0.5,0.95,1.8,3.5,0.0,1
2,20,27,0,2,0.7,2.1,44,0.2,1.5,0.8,1.06,1.5328947368421053,1.4846052631578948,1.8,1.5328947368421053,-1.0,-1
0,9,16,2,2,3.2,0.6,71,2.0,1.0,1.9,1.6300000000000001,1.4,1.03,1.5,1.6,1.0,0
15,17,24,3,2,2.8,1.2,66,2.4,1.5,1.4,2.36,1.5328947368421053,1.4846052631578948,0.8,1.5328947368421053,1.0,1
8,22,4,0,1,1.3,1.1,47,0.8,1.5,1.0,1.5899999999999999,1.5328947368421053,1.4846052631578948,1.7,1.5328947368421053,-1.0,-1
3,7,17,1,1,1.0,0.8,60,2.2,1.2,1.7,1.8399999999999999,1.1,1.2,0.7,1.1,0.0,0
4,21,2,1,3,1.5,3.0,78,1.4,1.5,2.0,2.15,1.5328947368421053,1.4846052631578948,1.8,1.5328947368421053,1.0,-1
5,1,15,1,3,0.7,2.5,57,0.0,2.0,0.5,0.5,1.5,1.7100000000000002,3.0,1.2,0.0,-1
18,14,9,1,2,0.7,3.5,21,0.0,2.0,0.6666666666666666,0.5666666666666667,1.8,1.92,1.6666666666666667,0.5,0.0,-1
16,12,10,1,2,2.0,0.9,59,1.0,1.8,2.0,2.33,2.2,2.02,1.2,1.2,-1.0,-1
13,21,16,1,2,1.4,1.0,39,0.0,1.5,0.6666666666666666,1.0999999999999999,1.5328947368421053,1.4846052631578948,3.0,1.5328947368421053,0.0,-1
18,8,1,2,2,1.2,2.5,46,0.25,0.8,1.0,0.725,1.2,1.8,1.75,1.9,0.0,0
14,9,14,5,1,2.2,1.4,68,2.4,0.8,2.1,1.89,1.5,1.1600000000000001,0.5,2.0,1.0,1
6,17,27,0,1,2.3,0.8,75,1.0,1.5,1.3,1.7,1.5328947368421053,1.4846052631578948,1.7,1.5328947368421053,0.0,-1
3,2,20,2,2,2.9,2.1,60,1.8,0.4,1.8,1.86,1.0,1.1199999999999999,0.8,1.6,0.5,0
5,20,6,2,5,1.3,2.2,47,0.0,1.5,1.0,0.7666666666666666,1.5328947368421053,1.4846052631578948,3.6666666666666665,1.5328947368421053,0.0,-1
4,16,24,3,1,1.3,1.2,56,1.8,1.5,2.2,2.0500000000000003,1.5328947368421053,1.4846052631578948,1.9,1.5328947368421053,0.0,1
12,1,23,3,0,2.5,0.7,63,2.2,1.8,2.3,2.08,1.4,1.6300000000000001,1.1,1.4,0.5,1
7,22,19,3,2,2.1,1.2,43,1.6,1.5,1.4,1.36,1.5328947368421053,1.4846052631578948,1.3,1.5328947368421053,1.0,1
0,15,2,3,1,2.3,0.9,55,2.6,1.5,1.9,1.61,1.5328947368421053,1.4846052631578948,1.3,1.5328947368421053,1.0,1
22,12,14,1,3,0.6,2.5,35,0.6,2.6,0.7,1.12,2.2,2.1100000000000003,2.5,0.9,1.0,-1
1,7,6,3,1,3.0,1.2,66,1.8,1.4,1.6,1.83,1.5,1.4,1.5,1.4,0.0,1
20,18,17,2,1,2.1,0.7,70,2.6,1.5,2.3,1.7600000000000002,1.5328947368421053,1.4846052631578948,1.5,1.5328947368421053,0.0,1
15,4,9,1,3,1.0,1.7,44,1.2,1.5,1.5,2.29,1.5328947368421053,1.4846052631578948,1.3,1.5328947368421053,-1.0,-1
21,14,1,1,3,0.9,3.6,32,2.0,3.0,1.5,1.32,2.1,2.02,1.5,0.6,-1.0,-1
9,13,15,1,0,1.0,1.1,77,1.4,0.0,1.5,1.24,0.5,1.1,1.8,2.5,0.0,1
16,3,4,1,0,1.4,0.5,56,1.2,1.2,1.5,1.92,1.6,1.8,1.3,0.9,1.0,1
2,6,7,0,0,1.0,1.8,36,0.6,1.0,0.9,1.1300000000000001,1.2,1.8,1.6,1.4,-1.0,0
8,0,23,0,1,0.3,1.0,26,0.2,2.6,1.1,1.7400000000000002,1.9,1.6600000000000001,1.6,0.9,0.0,-1
17,5,19,1,1,0.7,0.5,46,1.4,0.25,1.6,1.02,1.0,0.7,1.5,3.0,0.0,0
14,17,2,2,0,1.3,1.0,57,3.0,1.5,2.1,1.8900000000000001,1.5328947368421053,1.4846052631578948,0.5,1.5328947368421053,1.0,1
7,9,16,0,0,0.3,0.6,51,1.0,1.0,1.1,1.22,1.5,1.21,1.1,1.7,-0.5,0
13,22,11,1,1,2.1,0.6,57,0.2,1.5,0.6,1.3,1.5328947368421053,1.4846052631578948,2.2,1.5328947368421053,0.0,0
3,8,14,1,3,1.0,1.9,57,1.0,0.8,1.5,1.7400000000000002,1.2,1.6199999999999999,1.1,1.5,-0.5,-1
5,15,28,0,1,1.1,1.0,61,0.2,1.5,0.8,0.78,1.5328947368421053,1.4846052631578948,2.6,1.5328947368421053,0.0,-1
0,20,19,2,2,1.8,1.4,47,2.2,1.5,1.8,1.67,1.5328947368421053,1.4846052631578948,1.0,1.5328947368421053,1.0,0
12,21,3,3,1,3.0,1.1,63,3.0,1.5,2.4,2.23,1.5328947368421053,1.4846052631578948,1.0,1.5328947368421053,1.0,1
6,1,9,0,1,1.3,1.0,53,0.8,2.4,0.9,1.8,1.7,1.8699999999999999,1.4,1.4,0.0,-1
4,2,10,3,1,1.9,1.1,61,2.4,0.4,2.4,1.92,0.6,1.05,1.6,1.8,1.0,1
18,16,24,0,8,0.9,3.9,42,0.2,1.5,0.8333333333333334,0.75,1.5328947368421053,1.4846052631578948,2.8333333333333335,1.5328947368421053,0.0,-1
1,4,1,6,1,1.6,1.7,39,2.4,1.5,2.3,1.8800000000000001,1.5328947368421053,1.4846052631578948,1.4,1.5328947368421053,1.0,1
16,5,26,2,0,3.1,0.6,53,1.8,0.2,2.3,2.2600000000000002,0.6666666666666666,0.75,0.9,2.5,0.0,1
15,7,3,0,1,1.3,0.9,77,1.2,1.6,1.4,2.0799999999999996,1.2,1.27,1.3,1.0,1.0,-1
21,18,8,2,0,2.1,1.1,52,1.8,1.5,1.7,1.4700000000000002,1.5328947368421053,1.4846052631578948,1.5,1.5328947368421053,0.0,1
2,0,15,0,4,0.6,3.4,43,0.4,2.2,0.5,0.99,2.0,1.8800000000000001,1.9,1.0,-1.0,-1
22,14,4,2,1,0.4,0.9,32,1.4,2.4,0.9,1.06,1.9,1.9,2.1,0.7,-1.0,1
8,13,2,1,2,2.9,0.9,67,0.8,0.8,0.8,1.6800000000000002,0.8333333333333334,1.2333333333333334,1.6,2.0,0.0,-1
20,12,23,2,1,2.2,1.3,64,2.6,2.4,2.3,1.83,2.4,2.14,1.4,1.2,-1.0,1
17,3,16,1,1,0.5,1.6,41,1.0,0.6,1.2,0.9199999999999999,1.6,1.8800000000000001,1.3,1.1,0.0,0
9,6,27,0,2,1.1,1.7,56,1.0,1.4,1.0,1.16,0.9,1.85,1.6,1.2,0.5,-1
13,5,17,1,2,1.3,1.1,49,0.8,0.8,0.8571428571428571,1.2428571428571427,0.8571428571428571,0.7999999999999999,2.0,2.2857142857142856,0.0,-1
13,20,10,0,1,0.8,1.9,34,0.8,1.5,0.75,1.1875,1.5328947368421053,1.4846052631578948,1.875,1.5328947368421053,0.0,-1
15,3,1,2,1,1.4,0.9,64,1.2,0.4,1.5,2.08,1.5,1.6300000000000001,1.4,1.3,1.0,1
9,18,22,3,1,2.2,0.6,60,1.4,1.5,1.1,1.24,1.5328947368421053,1.4846052631578948,1.7,1.5328947368421053,0.0,1
8,2,7,3,0,2.4,0.7,48,1.4,0.4,1.1,1.7600000000000002,0.5,1.0299999999999998,1.3,2.0,0.0,1
5,6,24,1,4,0.7,1.9,38,0.8,1.4,0.875,0.7875,1.3,1.92,2.5,1.2,0.0,-1
7,17,4,0,0,0.8,1.0,52,1.6,1.5,1.0,1.2,1.5328947368421053,1.4846052631578948,1.0,1.5328947368421053,0.0,0
21,16,17,2,2,1.2,2.0,36,1.4,1.5,1.9,1.57,1.5328947368421053,1.4846052631578948,1.5,1.5328947368421053,-1.0,0
4,12,2,2,2,2.3,2.3,46,2.0,2.0,2.3,2.02,2.3,2.15,1.9,1.4,1.0,0
22,1,19,1,1,1.7,1.6,47,1.0,2.0,1.0,1.2,2.2,1.92,2.0,1.4,1.0,0
0,14,14,1,0,0.4,0.5,49,2.6,1.8,2.1,1.83,1.8,1.8299999999999996,0.7,0.8,-1.0,1
12,8,4,2,0,2.2,0.1,77,2.0,1.2,2.4,2.3,1.0,1.5699999999999998,1.3,1.4,0.5,1
14,4,19,2,1,0.8,0.8,55,1.8,1.5,1.9,1.73,1.5328947368421053,1.4846052631578948,0.8,1.5328947368421053,1.0,1
16,7,27,4,0,2.4,1.2,59,2.6,1.0,2.5,2.13,0.8,1.16,1.0,1.2,0.0,1
2,22,16,1,2,0.6,2.4,35,0.2,1.5,0.6,0.9899999999999999,1.5328947368421053,1.4846052631578948,2.1,1.5328947368421053,0.0,-1
3,5,11,3,0,3.1,1.1,50,0.8,0.6,1.5,1.8199999999999998,0.7777777777777778,0.8222222222222223,1.2,2.5555555555555554,0.0,1
17,13,22,2,2,2.9,1.7,57,0.8,1.0,1.1,1.1199999999999999,0.8888888888888888,1.2444444444444445,1.3,1.8888888888888888,0.0,0
6,0,3,2,2,1.3,1.0,44,1.6,2.2,1.4,1.86,2.3,1.8699999999999999,1.0,0.8,-1.0,0
18,15,14,1,2,1.4,1.1,38,0.0,1.5,0.7777777777777778,0.8444444444444444,1.5328947368421053,1.4846052631578948,2.6666666666666665,1.5328947368421053,0.0,-1
1,21,7,4,1,1.9,1.1,58,2.6,1.5,2.5,1.98,1.5328947368421053,1.4846052631578948,1.4,1.5328947368421053,-1.0,1
20,9,2,2,0,1.5,1.0,55,2.6,1.4,2.4,1.86,0.9,1.1700000000000002,0.9,1.7,1.0,1
7,20,1,1,2,0.6,1.1,25,1.0,1.5,0.8,1.0799999999999998,1.5328947368421053,1.4846052631578948,1.3,1.5328947368421053,-1.0,-1
6,3,23,0,2,1.9,2.2,68,1.4,1.4,1.3,1.8299999999999996,1.6,1.9100000000000001,1.1,1.2,-0.5,-1
0,18,27,5,0,2.8,0.0,67,2.2,1.5,2.3,1.8699999999999999,1.5328947368421053,1.4846052631578948,0.8,1.5328947368421053,0.0,1
2,5,22,2,1,1.1,0.8,45,0.6,0.6,0.8,1.05,0.8,0.82,2.1,2.5,0.0,1
22,16,2,2,2,0.9,2.2,43,1.8,1.5,1.3,1.32,1.5328947368421053,1.4846052631578948,1.7,1.5328947368421053,0.0,0
21,8,24,0,1,0.7,0.8,64,0.8,1.8,1.6,1.4000000000000001,1.0,1.55,1.7,1.4,1.0,-1
12,17,3,3,0,3.2,0.4,72,2.0,1.5,2.3,2.2199999999999998,1.5328947368421053,1.4846052631578948,0.9,1.5328947368421053,1.0,1
1,13,10,3,1,2.3,0.5,70,2.6,0.8,2.6,1.9299999999999997,0.9,1.17,1.4,2.0,0.0,1
4,9,15,1,1,1.4,0.7,71,1.0,1.0,2.3,1.8800000000000001,0.9,1.06,1.9,1.6,-1.0,0
15,14,16,0,3,0.9,4.0,40,1.8,1.8,1.1,1.4700000000000002,2.2,1.97,1.6,0.7,1.0,-1
9,15,10,0,1,1.0,0.7,45,0.8,1.5,0.8,1.01,1.5328947368421053,1.4846052631578948,1.7,1.5328947368421053,-1.0,-1
14,2,4,6,1,1.9,0.9,65,1.8,0.6,2.5,1.9700000000000002,0.8,1.0100000000000002,0.8,2.6,1.0,1
8,4,27,1,1,0.7,0.5,21,1.4,1.5,1.1,1.3499999999999999,1.5328947368421053,1.4846052631578948,1.4,1.5328947368421053,-1.0,0
3,21,26,3,2,1.5,1.8,58,2.0,1.5,1.7,1.8399999999999999,1.5328947368421053,1.4846052631578948,1.2,1.5328947368421053,1.0,1
5,7,17,0,2,1.1,1.3,67,0.6,1.4,0.8,0.9,0.9,1.02,2.4,1.3,0.0,-1
18,22,19,2,1,1.0,1.2,39,0.6,1.5,0.9,0.8099999999999999,1.5328947368421053,1.4846052631578948,2.9,1.5328947368421053,0.0,1
16,0,24,1,0,1.0,0.6,42,2.2,2.0,2.2,1.95,2.1,1.85,1.0,0.8,-1.0,1
17,1,9,2,0,0.4,1.2,27,1.2,2.0,1.1,1.0299999999999998,2.5,1.8700000000000003,1.3,1.1,0.0,1
13,12,1,1,1,0.8,2.6,27,0.4,1.6,0.9,1.1,2.3,2.35,1.7,0.9,0.0,0
20,6,14,1,4,0.9,4.1,40,2.4,2.0,2.1,1.7100000000000002,1.6,2.1,1.1,1.1,1.0,-1
22,20,27,2,1,2.1,0.7,42,1.6,1.5,1.5,1.22,1.5328947368421053,1.4846052631578948,1.5,1.5328947368421053,1.0,1
0,5,14,3,1,1.8,0.3,63,2.0,0.0,2.3,1.83,0.8,0.8600000000000001,0.9,2.4,0.0,1
15,13,8,1,0,2.2,0.4,64,2.4,0.4,1.2,1.33,0.9,1.1,1.4,1.5,0.0,1
7,8,22,2,3,2.2,1.5,67,0.8,2.0,1.1,1.14,1.4,1.44,1.5,1.2,-0.5,-1
2,16,3,2,0,2.4,0.5,48,1.2,1.5,0.9,1.1199999999999999,1.5328947368421053,1.4846052631578948,2.3,1.5328947368421053,0.0,1
12,3,16,3,0,1.7,1.6,58,2.2,1.8,2.3,2.2199999999999998,1.4,1.6300000000000001,0.8,1.5,0.0,1
1,9,23,3,1,3.0,0.9,51,2.0,0.8,2.4,1.8799999999999997,0.9,1.05,1.2,1.7,0.0,1
21,17,15,3,2,1.8,1.7,54,0.8,1.5,1.7,1.4700000000000002,1.5328947368421053,1.4846052631578948,2.0,1.5328947368421053,1.0,1
4,18,10,1,1,1.5,1.1,61,0.8,1.5,1.7,1.4599999999999997,1.5328947368421053,1.4846052631578948,1.9,1.5328947368421053,0.0,0
6,14,2,4,4,2.9,2.9,45,1.6,2.0,1.9,2.1399999999999997,2.8,2.16,1.2,1.2,-1.0,0
14,12,3,1,1,1.3,0.6,59,2.2,2.2,2.7,1.9400000000000002,2.2,2.1900000000000004,1.2,0.8,0.0,0
16,6,23,4,1,2.4,0.5,54,2.0,1.0,2.5,2.0100000000000002,1.7,1.97,1.0,1.6,1.0,1
17,4,2,2,3,1.9,1.3,47,0.8,1.5,1.1,1.13,1.5328947368421053,1.4846052631578948,1.5,1.5328947368421053,1.0,-1
13,7,9,2,1,0.9,1.6,39,1.0,0.6,1.0,1.0500000000000003,1.1,1.2200000000000002,1.4,1.6,0.0,1
5,21,22,1,2,1.3,0.9,50,0.0,1.5,0.7,0.8600000000000001,1.5328947368421053,1.4846052631578948,2.1,1.5328947368421053,0.0,-1
18,2,1,1,3,0.8,2.9,46,0.8,1.8,0.9,0.8800000000000001,1.2,1.34,2.9,2.2,0.0,-1
3,0,27,0,1,1.1,1.6,37,1.8,2.0,1.3,1.6400000000000001,2.2,1.67,1.5,0.7,-0.5,-1
20,1,19,1,2,2.3,1.7,62,1.2,2.4,1.9,1.6300000000000001,2.3,1.8,1.5,1.2,-1.0,-1
8,15,10,0,3,2.4,2.2,51,1.4,1.5,1.4,1.5499999999999998,1.5328947368421053,1.4846052631578948,1.4,1.5328947368421053,-1.0,-1
9,22,15,3,2,2.9,1.4,60,0.8,1.5,1.0,1.28,1.5328947368421053,1.4846052631578948,1.7,1.5328947368421053,0.0,1
0,22,17,2,1,2.8,0.7,57,2.4,1.5,2.1,1.72,1.5328947368421053,1.4846052631578948,0.7,1.5328947368421053,1.0,1
3,13,2,3,1,3.1,0.2,68,1.8,0.8,1.4,1.6600000000000001,1.1,0.96,1.4,1.6,0.0,1
5,18,3,5,0,1.8,0.4,63,0.6,1.5,1.1,0.99,1.5328947368421053,1.4846052631578948,2.0,1.5328947368421053,0.0,1
17,8,16,0,1,0.7,0.7,61,0.6,2.0,1.0,1.12,1.3,1.37,1.6,1.2,0.0,-1
16,15,19,1,0,2.4,0.5,58,2.0,1.5,2.5,2.13,1.5328947368421053,1.4846052631578948,0.7,1.5328947368421053,1.0,1
12,9,24,4,3,2.1,1.2,61,2.2,0.8,2.3,2.15,1.2,1.26,1.1,1.6,0.5,1
6,4,4,3,2,2.1,1.1,32,1.4,1.5,2.0,1.95,1.5328947368421053,1.4846052631578948,1.7,1.5328947368421053,-1.0,1
21,7,14,1,1,1.1,0.9,55,1.4,0.8,1.5,1.27,0.9,1.1,2.0,1.5,-1.0,0
2,1,26,2,2,2.0,0.7,38,2.0,2.0,1.2,1.33,2.5,1.8,2.2,1.1,0.0,0
14,20,23,3,3,2.6,0.5,55,1.8,1.5,2.5,1.9800000000000004,1.5328947368421053,1.4846052631578948,1.4,1.5328947368421053,1.0,0
22,5,9,1,0,0.8,0.9,51,1.2,0.6,1.5,1.22,1.1,0.9700000000000001,1.4,2.0,0.0,1
13,0,22,3,4,0.5,2.2,34,0.8,2.4,1.3,0.8,2.4,1.8399999999999999,1.9,1.0,0.0,-1
7,2,4,0,2,1.0,1.8,59,0.8,2.0,0.8,1.08,1.4,1.4100000000000001,1.4,2.2,1.0,-1
4,3,17,2,1,1.5,1.5,61,1.6,1.2,1.7,1.4,1.5,1.7600000000000002,2.0,1.5,0.0,1
9,17,11,5,0,2.5,0.3,63,1.2,1.5,1.6,1.41,1.5328947368421053,1.4846052631578948,1.6,1.5328947368421053,1.0,1
18,12,23,0,2,1.0,1.7,25,0.8,2.2,0.6,0.8300000000000001,2.2,2.07,3.2,1.0,0.0,-1
1,14,10,1,0,2.3,0.6,46,2.0,1.2,2.3,1.73,2.2,1.6800000000000002,1.0,1.4,-0.5,1
15,6,3,2,1,4.1,1.5,45,2.4,1.4,1.2,1.54,2.1,1.92,0.8,1.9,1.0,1
8,16,27,3,0,3.3,1.5,38,2.0,1.5,1.6,1.67,1.5328947368421053,1.4846052631578948,1.1,1.5328947368421053,-1.0,1
20,21,15,1,2,1.8,2.2,74,0.2,1.5,1.6,1.4300000000000002,1.5328947368421053,1.4846052631578948,1.7,1.5328947368421053,1.0,-1
7,12,1,1,2,1.7,1.2,24,0.2,2.6,0.9,1.2200000000000002,2.1,1.8900000000000001,1.6,1.0,0.0,-1
15,2,17,0,3,1.1,1.5,68,1.8,2.6,1.1,1.55,1.6,1.45,1.1,1.9,1.0,-1
4,5,23,1,1,2.6,0.6,72,1.6,0.8,1.5,1.47,1.2,0.97,2.0,1.9,0.0,0
22,17,22,1,1,1.2,1.3,68,1.4,1.5,1.5,1.28,1.5328947368421053,1.4846052631578948,1.4,1.5328947368421053,1.0,0
18,3,24,1,0,0.8,0.6,41,0.8,0.6,0.7,0.8200000000000001,1.4,1.72,2.4,1.3,0.0,1
1,0,9,1,0,0.6,1.4,39,2.6,2.4,2.3,1.69,2.2,1.8,1.0,0.9,-1.0,1
9,21,16,5,0,2.3,1.3,63,1.8,1.5,2.1,1.58,1.5328947368421053,1.4846052631578948,1.6,1.5328947368421053,-1.0,1
8,6,14,2,0,1.2,0.9,29,2.4,0.8,1.5,1.5999999999999999,2.1,1.8799999999999997,1.0,2.0,-0.5,1
13,14,27,1,2,0.3,1.6,35,0.6,1.2,1.2,0.74,2.2,1.7100000000000002,2.0,1.5,0.0,-1
20,16,3,4,1,3.8,1.7,56,0.8,1.5,1.8,1.67,1.5328947368421053,1.4846052631578948,1.6,1.5328947368421053,-1.0,1
17,20,9,0,2,1.3,1.5,34,0.2,1.5,0.9,1.19,1.5328947368421053,1.4846052631578948,2.0,1.5328947368421053,-1.0,-1
14,7,16,2,2,1.6,1.8,74,1.2,0.4,2.3,1.78,1.0,1.31,1.5,1.8,1.0,0
6,18,1,2,0,3.1,0.4,78,1.2,1.5,2.1,2.02,1.5328947368421053,1.4846052631578948,2.0,1.5328947368421053,0.0,1
16,9,22,3,0,3.5,0.3,70,1.8,1.8,1.8,1.9599999999999997,2.1,1.5,1.4,1.7,1.0,1
5,8,2,0,2,0.7,1.4,61,0.8,2.4,1.0,0.93,1.6,1.4499999999999997,2.0,0.8,0.0,-1
0,4,27,2,0,2.3,0.7,49,2.4,1.5,2.0,1.69,1.5328947368421053,1.4846052631578948,0.9,1.5328947368421053,-1.0,1
21,22,3,3,0,1.1,0.7,45,2.0,1.5,1.6,1.3199999999999998,1.5328947368421053,1.4846052631578948,2.0,1.5328947368421053,1.0,1
3,1,7,1,2,0.5,1.4,34,0.6,2.6,1.4,1.6099999999999999,1.9,1.67,1.4,1.0,-0.5,-1
12,15,14,0,0,2.3,0.8,68,2.2,1.5,2.0,1.9899999999999998,1.5328947368421053,1.4846052631578948,0.8,1.5328947368421053,1.0,0
7,4,10,1,1,1.3,1.2,35,0.6,1.5,1.1,1.3599999999999999,1.5328947368421053,1.4846052631578948,1.9,1.5328947368421053,0.0,0
1,18,2,1,1,0.9,0.6,77,2.2,1.5,1.9,1.5999999999999999,1.5328947368421053,1.4846052631578948,1.0,1.5328947368421053,0.0,0
21,15,23,2,0,1.2,1.0,35,2.0,1.5,1.6,1.32,1.5328947368421053,1.4846052631578948,1.8,1.5328947368421053,1.0,1
20,8,24,2,1,1.5,1.8,61,2.0,2.4,1.9,1.56,1.4,1.3900000000000001,1.6,1.0,1.0,1
9,5,18,0,2,1.3,0.4,66,1.2,1.4,1.8,1.41,1.1,0.9,1.8,1.6,0.0,-1
17,2,19,2,3,1.0,1.6,34,0.2,2.6,1.1,1.19,1.9,1.55,2.3,1.7,-1.0,-1
13,16,6,1,0,1.4,1.4,35,1.2,1.5,1.2,0.75,1.5328947368421053,1.4846052631578948,1.8,1.5328947368421053,0.0,1
12,0,3,1,1,1.0,0.7,52,2.2,2.0,1.9,1.8599999999999999,2.0,1.72,0.7,1.0,-0.5,0
22,6,7,2,1,1.3,2.0,32,1.4,1.2,1.4,1.27,1.8,2.0300000000000002,1.6,2.1,1.0,1
16,17,3,1,3,2.4,3.5,62,0.6,1.5,1.3,1.9,1.5328947368421053,1.4846052631578948,1.6,1.5328947368421053,1.0,-1
2,9,27,3,0,1.8,0.3,43,2.6,1.2,2.2,1.6600000000000001,1.8,1.3399999999999999,1.4,1.9,0.5,1
18,13,21,2,3,2.4,0.6,51,0.8,1.2,0.8,0.85,1.5,0.73,2.3,1.9,0.0,-1
5,12,16,0,2,0.8,1.8,32,0.8,2.2,1.1,0.8699999999999999,1.9,1.8199999999999998,1.5,0.7,0.0,-1
15,1,4,3,2,1.1,1.7,46,1.4,2.0,1.0,1.46,1.7,1.58,1.2,1.2,1.0,1
6,7,15,2,1,2.6,1.1,63,1.2,0.4,1.8,2.1599999999999997,1.2,1.35,2.0,1.7,1.0,1
3,22,1,1,4,2.2,2.4,60,0.6,1.5,1.4,1.7400000000000002,1.5328947368421053,1.4846052631578948,1.6,1.5328947368421053,0.0,-1
8,14,10,1,3,1.0,2.4,28,1.8,1.6,1.5,1.48,2.6,1.9700000000000002,1.1,1.5,-0.5,-1
4,20,9,4,2,3.2,2.3,45,1.6,1.5,1.6,1.5,1.5328947368421053,1.4846052631578948,1.5,1.5328947368421053,-1.0,1
0,21,14,0,2,2.7,1.4,73,1.4,1.5,1.8,1.89,1.5328947368421053,1.4846052631578948,1.0,1.5328947368421053,1.0,-1
13,6,16,2,3,2.3,1.5,52,1.2,1.8,1.5,0.79,2.1,2.12,2.0,2.0,-1.0,-1
14,18,7,2,0,2.2,0.3,80,2.0,1.5,2.6,2.1100000000000003,1.5328947368421053,1.4846052631578948,1.4,1.5328947368421053,0.0,1
1,5,24,3,2,3.2,1.2,64,2.0,0.8,1.7,1.67,1.2,0.9099999999999999,1.3,1.6,1.0,1
7,3,19,3,1,1.0,1.4,46,1.0,0.0,1.4,1.3900000000000001,1.2,1.5699999999999998,1.6,1.9,0.0,1
22,8,26,3,0,1.9,0.4,53,2.0,1.2,1.7,1.3699999999999999,1.4,1.44,1.4,1.4,0.0,1
17,15,27,2,1,0.7,0.8,44,1.4,1.5,1.4,1.28,1.5328947368421053,1.4846052631578948,2.0,1.5328947368421053,-1.0,1
20,2,23,3,1,2.3,1.7,50,2.4,2.4,2.0,1.7600000000000002,2.2,1.77,2.0,1.5,-1.0,1
9,0,11,2,1,1.2,1.6,40,1.2,0.8,1.9,1.3900000000000001,1.4,1.7700000000000002,1.9,1.2,-0.6666666666666666,1
12,16,2,4,2,7.0,0.6,61,2.2,1.5,2.0,2.2,1.5328947368421053,1.4846052631578948,0.9,1.5328947368421053,1.0,1
21,4,22,0,0,0.7,2.3,32,2.0,1.5,1.7,1.35,1.5328947368421053,1.4846052631578948,1.3,1.5328947368421053,-1.0,0
5,13,28,1,1,1.1,0.9,39,0.8,1.4,1.3,0.9100000000000001,1.5,0.8300000000000001,1.5,1.8,1.0,0
6,9,2,1,0,2.2,0.8,55,2.4,0.6,1.8,1.9300000000000002,1.9,1.3699999999999999,1.9,1.9,0.0,1
16,14,3,2,3,1.3,3.0,28,0.6,2.6,1.4,1.77,2.6,2.0100000000000002,2.1,1.6,0.0,-1
8,1,7,0,0,1.1,1.2,32,0.8,1.6,1.3,1.48,1.7,1.67,1.3,1.1,-1.0,0
15,20,10,2,2,0.8,1.2,37,1.0,1.5,1.2,1.46,1.5328947368421053,1.4846052631578948,1.3,1.5328947368421053,1.0,0
0,7,16,5,0,3.3,0.3,60,1.4,1.0,1.9,2.04,1.2,1.29,1.1,2.1,1.0,1
3,17,6,3,2,1.2,1.2,48,0.6,1.5,1.3,1.4700000000000002,1.5328947368421053,1.4846052631578948,2.1,1.5328947368421053,1.0,1
18,21,15,2,2,2.5,2.3,57,0.4,1.5,0.8,1.03,1.5328947368421053,1.4846052631578948,2.1,1.5328947368421053,0.0,0
2,12,1,0,4,1.4,1.5,40,1.8,2.2,2.0,1.8,2.3,2.09,1.8,0.8,-0.3333333333333333,-1
4,22,4,0,0,1.0,1.1,72,1.2,1.5,1.4,1.6400000000000001,1.5328947368421053,1.4846052631578948,1.3,1.5328947368421053,1.0,0
17,0,23,1,2,0.5,1.2,27,1.2,1.4,1.3,1.2399999999999998,1.8,1.98,2.2,1.1,1.0,-1
9,8,26,0,0,1.6,1.9,70,0.8,0.4,1.8,1.44,1.0,1.52,1.6,1.1,0.6666666666666666,0
13,4,19,4,0,3.1,0.9,41,2.0,1.5,1.8,1.06,1.5328947368421053,1.4846052631578948,1.7,1.5328947368421053,0.0,1
7,18,28,3,2,1.1,0.8,53,1.4,1.5,1.3,1.18,1.5328947368421053,1.4846052631578948,2.0,1.5328947368421053,0.0,1
1,16,10,1,3,1.4,2.6,61,1.0,1.5,1.5,1.51,1.5328947368421053,1.4846052631578948,1.3,1.5328947368421053,1.0,-1
14,5,22,3,1,1.7,1.4,74,2.6,0.8,2.3,1.9899999999999998,1.3,1.02,1.6,1.5,1.0,1
20,3,7,3,2,2.9,1.6,67,2.0,0.6,2.3,2.01,1.2,1.48,1.8,2.2,-1.0,1
12,6,16,4,1,2.9,0.6,50,2.6,1.8,2.4,2.21,1.5,1.7,0.9,1.9,0.0,1
21,2,27,1,1,1.4,1.2,48,1.8,1.4,1.5,1.3599999999999999,2.0,1.8299999999999996,1.1,1.3,1.0,0
22,15,9,3,4,2.1,3.3,53,2.0,1.5,1.7,1.3599999999999999,1.5328947368421053,1.4846052631578948,1.5,1.5328947368421053,-1.0,-1
8,20,14,2,2,2.6,1.0,43,0.6,1.5,1.2,1.54,1.5328947368421053,1.4846052631578948,1.0,1.5328947368421053,0.0,0
16,13,26,4,4,2.3,2.4,55,0.8,1.6,1.7,1.97,2.2,1.26,2.3,2.0,0.0,0
4,7,23,4,1,1.4,0.3,68,1.6,1.2,1.4,1.59,1.3,1.05,1.5,2.2,1.0,1
5,9,5,2,2,1.8,1.5,44,0.4,1.0,1.4,1.0699999999999998,1.7,1.3,1.5,1.6,1.0,0
18,1,16,0,5,1.4,2.2,37,0.2,1.4,0.8,1.06,1.8,1.56,2.5,1.2,0.0,-1
6,22,27,2,4,1.7,2.0,64,1.8,1.5,1.6,1.8199999999999998,1.5328947368421053,1.4846052631578948,1.9,1.5328947368421053,1.0,-1
15,21,1,3,0,0.7,1.4,51,2.0,1.5,1.5,1.42,1.5328947368421053,1.4846052631578948,1.6,1.5328947368421053,1.0,1
2,17,18,1,1,1.3,0.5,45,1.0,1.5,1.9,1.72,1.5328947368421053,1.4846052631578948,1.4,1.5328947368421053,0.0,0
0,12,2,3,1,3.5,0.4,43,1.8,2.4,2.0,2.1700000000000004,2.4,2.19,1.2,1.1,0.3333333333333333,1
3,14,9,1,3,1.0,2.1,28,0.6,3.0,1.3,1.4200000000000002,2.2,1.9100000000000001,2.2,1.3,1.0,-1
14,8,10,2,0,1.6,0.3,72,3.0,0.6,2.3,1.94,1.1,1.4999999999999998,1.2,1.2,0.6666666666666666,1
12,5,27,3,1,2.8,1.3,70,2.4,0.4,2.3,2.2600000000000002,1.0,1.02,0.9,1.8,1.0,1
20,4,22,2,1,1.6,1.2,52,2.2,1.5,2.3,1.9899999999999998,1.5328947368421053,1.4846052631578948,1.6,1.5328947368421053,1.0,1
9,2,6,3,1,1.6,1.8,49,1.6,0.4,1.7,1.34,1.7,1.61,1.3,1.6,-0.6666666666666666,1
22,3,23,0,2,1.0,1.9,71,1.4,1.2,1.8,1.45,1.5,1.5000000000000002,1.4,2.1,1.0,-1
13,18,3,1,3,1.8,1.7,74,1.0,1.5,2.1,1.35,1.5328947368421053,1.4846052631578948,2.2,1.5328947368421053,0.0,-1
17,16,2,2,3,1.5,0.5,39,0.8,1.5,1.4,1.18,1.5328947368421053,1.4846052631578948,2.2,1.5328947368421053,-1.0,-1
21,0,4,0,6,0.2,3.6,30,0.6,2.4,1.2,1.3199999999999998,2.4,2.25,1.8,1.1,0.0,-1
1,15,19,1,2,2.4,1.8,56,1.4,1.5,1.7,1.73,1.5328947368421053,1.4846052631578948,1.2,1.5328947368421053,1.0,-1
7,6,14,1,3,0.6,1.4,23,1.2,1.8,1.3,1.02,1.6,1.75,2.4,1.8,-1.0,-1
3,12,14,1,4,1.6,2.8,38,1.2,2.4,1.3,1.35,2.5,2.37,2.4,1.0,-0.3333333333333333,-1
20,22,2,1,2,1.6,1.8,71,1.6,1.5,2.3,1.97,1.5328947368421053,1.4846052631578948,1.6,1.5328947368421053,1.0,-1
16,2,15,2,2,2.2,2.2,62,1.6,0.6,2.1,1.85,1.7,1.6300000000000001,2.4,1.6,0.0,0
9,1,12,1,2,1.5,1.5,52,1.0,1.4,1.3,1.24,1.8,1.65,1.5,1.3,-0.3333333333333333,-1
17,21,26,2,0,2.8,0.5,49,0.8,1.5,1.6,1.4300000000000002,1.5328947368421053,1.4846052631578948,1.7,1.5328947368421053,1.0,1
5,0,9,0,5,0.3,2.3,36,0.4,3.0,1.0,0.96,2.5,2.2600000000000002,2.2,0.8,-1.0,-1
14,6,1,1,1,2.6,1.4,70,2.6,1.4,2.1,1.94,1.6,1.7399999999999998,1.0,1.7,0.6666666666666666,0
18,4,24,0,5,0.6,2.9,21,0.8,1.5,1.1,1.15,1.5328947368421053,1.4846052631578948,2.4,1.5328947368421053,0.0,-1
13,15,7,1,2,1.8,2.9,58,1.0,1.5,2.1,1.51,1.5328947368421053,1.4846052631578948,2.1,1.5328947368421053,0.0,-1
8,7,16,1,1,1.7,0.7,61,0.8,0.8,0.9,1.34,1.4,0.9899999999999999,1.3,2.3,0.6666666666666666,0
14,3,6,1,0,2.3,0.4,70,2.6,0.6,2.2,2.1100000000000003,1.2,1.24,0.9,2.3,-0.3333333333333333,1
12,13,1,4,1,3.3,0.9,60,2.4,0.8,2.7,2.5799999999999996,1.9,1.55,1.0,2.1,0.0,1
1,17,22,4,2,3.6,2.6,58,1.8,1.5,2.1,1.95,1.5328947368421053,1.4846052631578948,1.5,1.5328947368421053,1.0,1
15,9,14,1,2,1.7,1.2,57,2.4,1.6,1.8,1.49,1.0,1.1300000000000001,1.5,1.6,1.0,-1
7,5,12,3,0,2.4,0.1,56,1.4,0.2,1.6,1.06,0.9,0.9099999999999999,2.1,2.4,1.0,1
4,8,28,1,1,1.4,0.3,64,1.4,0.8,1.6,1.6199999999999999,0.8,1.25,1.3,1.4,-1.0,0
2,14,9,0,1,0.9,1.6,38,0.6,2.6,1.5,1.54,2.1,2.11,1.7,0.8,-1.0,-1
0,16,16,4,1,2.8,0.2,55,3.0,1.5,2.9,2.4,1.5328947368421053,1.4846052631578948,0.8,1.5328947368421053,0.0,1
22,18,5,1,0,1.3,0.6,63,1.8,1.5,1.9,1.56,1.5328947368421053,1.4846052631578948,1.4,1.5328947368421053,0.0,1
21,3,23,4,2,1.7,0.9,41,0.8,0.6,1.4,1.19,1.4,1.27,1.6,2.6,-1.0,1
20,7,10,3,1,1.9,0.3,78,2.0,0.8,2.2,1.78,1.5,0.9099999999999999,1.6,2.2,1.0,1
16,22,27,3,0,2.1,0.8,44,1.6,1.5,2.1,1.56,1.5328947368421053,1.4846052631578948,2.4,1.5328947368421053,1.0,1
9,4,23,3,0,1.3,1.3,30,2.0,1.5,1.3,1.23,1.5328947368421053,1.4846052631578948,1.3,1.5328947368421053,1.0,1
8,21,4,1,3,2.7,1.9,55,0.6,1.5,0.7,1.3800000000000001,1.5328947368421053,1.4846052631578948,1.7,1.5328947368421053,1.0,-1
3,6,9,2,2,1.8,1.8,33,0.8,1.0,1.5,1.4,1.8,1.83,2.6,1.7,0.6666666666666666,0
17,12,16,0,1,1.0,2.0,31,0.8,2.4,1.7,1.53,2.8,2.55,1.9,1.0,1.0,-1
13,1,14,2,3,1.8,1.9,46,0.2,2.4,2.0,1.7,2.2,2.0,2.2,1.6,-1.0,-1
5,2,7,0,2,1.5,1.1,74,0.2,1.0,0.9,0.9899999999999999,1.4,1.5,2.4,1.7,-1.0,-1
14,15,1,3,1,3.3,0.2,73,2.6,1.5,2.2,2.2800000000000002,1.5328947368421053,1.4846052631578948,0.7,1.5328947368421053,1.0,1
18,0,22,0,6,0.2,2.3,20,0.6,3.0,1.0,1.1099999999999999,3.3,2.4,2.9,0.8,0.0,-1
15,8,23,2,0,2.7,1.6,51,1.8,0.4,2.1,1.6,0.6,1.3599999999999999,1.6,1.7,1.0,1
7,13,25,1,1,2.7,0.8,49,1.0,0.2,1.5,1.05,2.0,1.6400000000000001,2.2,2.3,-1.0,0
2,18,2,2,2,3.3,1.2,69,1.0,1.5,1.3,1.67,1.5328947368421053,1.4846052631578948,1.7,1.5328947368421053,0.0,0
22,9,28,2,1,0.8,2.6,48,1.8,1.8,1.9,1.52,1.4,1.3599999999999999,1.4,1.3,0.0,1
0,3,19,2,1,1.3,1.0,71,3.0,0.2,3.4,2.46,1.5,1.28,0.8,2.4,0.6666666666666666,1
1,20,3,0,4,0.8,1.5,32,1.8,1.5,2.1,1.9899999999999998,1.5328947368421053,1.4846052631578948,1.9,1.5328947368421053,1.0,-1
21,5,6,2,2,2.1,0.7,52,1.4,0.2,1.4,1.3599999999999999,0.9,1.02,1.9,2.6,0.0,0
4,17,15,1,0,0.4,0.7,63,1.4,1.5,1.6,1.6,1.5328947368421053,1.4846052631578948,1.3,1.5328947368421053,0.0,1
12,14,14,1,1,2.7,1.6,53,2.6,2.2,2.8,2.72,2.0,2.2,1.0,0.7,0.0,0
6,16,10,3,2,1.6,0.7,44,1.6,1.5,1.9,1.6800000000000002,1.5328947368421053,1.4846052631578948,1.9,1.5328947368421053,0.0,1
2,13,21,4,3,2.3,2.0,59,1.6,0.2,1.4,1.72,2.0,1.78,2.0,2.5,0.0,1
13,17,6,1,1,0.6,2.0,60,0.4,1.5,1.9,1.61,1.5328947368421053,1.4846052631578948,2.3,1.5328947368421053,0.0,0
5,3,5,2,1,2.8,1.1,60,0.8,0.2,1.1,1.22,1.5,1.25,2.5,2.3,-1.0,1
9,20,19,3,0,2.6,2.4,43,1.8,1.5,1.7,1.59,1.5328947368421053,1.4846052631578948,1.0,1.5328947368421053,-1.0,1
21,1,9,1,1,2.0,0.7,31,1.6,2.0,1.3,1.42,2.0,1.8900000000000001,2.0,1.7,0.0,0
16,21,19,4,3,4.1,1.4,60,1.4,1.5,2.6,1.6600000000000001,1.5328947368421053,1.4846052631578948,2.6,1.5328947368421053,0.0,1
20,13,9,2,1,2.9,0.5,70,1.8,0.4,2.2,1.9299999999999997,1.9,1.57,1.5,2.4,0.0,1
6,5,6,2,2,4.2,1.6,69,1.8,1.0,2.0,1.9,1.1,1.26,1.9,2.4,1.0,0
2,8,22,2,1,1.3,1.0,48,2.0,0.4,1.5,1.6800000000000002,0.6,1.3599999999999999,1.8,1.6,-0.3333333333333333,1
17,7,3,1,1,0.9,1.2,59,0.4,1.2,1.2,1.3699999999999999,1.5,1.06,1.7,2.1,1.0,0
18,9,27,3,3,1.9,1.3,27,0.4,2.0,1.2,1.1199999999999999,1.8,1.6,3.0,1.2,0.0,0
1,22,16,2,0,1.0,1.5,48,2.0,1.5,1.9,1.67,1.5328947368421053,1.4846052631578948,1.5,1.5328947368421053,0.0,1
3,15,23,1,1,3.2,0.6,47,0.4,1.5,1.3,1.45,1.5328947368421053,1.4846052631578948,2.2,1.5328947368421053,1.0,0
12,4,7,2,1,2.8,0.5,55,2.6,1.5,2.8,2.82,1.5328947368421053,1.4846052631578948,1.1,1.5328947368421053,0.0,1
14,0,2,0,0,1.0,0.7,72,2.2,2.6,1.8,2.08,3.4,2.26,0.7,0.6,0.3333333333333333,0
16,8,28,1,1,2.4,1.4,57,1.4,0.4,2.5,1.8399999999999999,0.7,1.46,2.3,1.4,1.0,0
17,9,14,3,1,1.5,1.5,34,1.0,1.4,1.3,1.4,1.9,1.67,1.5,1.4,-1.0,1
2,7,8,1,0,1.1,0.2,50,2.6,1.0,1.6,1.65,1.2,0.9800000000000001,1.4,2.1,-0.3333333333333333,1
5,22,26,1,1,1.3,0.9,51,1.2,1.5,1.1,1.28,1.5328947368421053,1.4846052631578948,2.4,1.5328947368421053,0.0,0
21,20,10,1,1,1.5,1.0,33,1.2,1.5,1.5,1.4099999999999997,1.5328947368421053,1.4846052631578948,2.3,1.5328947368421053,0.0,0
0,13,4,2,0,0.7,0.3,58,2.6,0.4,3.5,2.17,1.5,1.29,0.4,2.6,1.0,1
3,4,1,0,0,0.6,1.1,34,0.6,1.5,1.1,1.35,1.5328947368421053,1.4846052631578948,1.9,1.5328947368421053,1.0,0
14,1,6,4,1,3.4,0.8,67,2.2,1.4,1.9,2.12,2.0,1.6300000000000001,0.6,1.9,0.0,1
12,18,24,3,1,1.8,0.6,82,2.6,1.5,2.7,2.3,1.5328947368421053,1.4846052631578948,1.0,1.5328947368421053,0.0,1
6,15,9,4,3,3.0,1.5,57,1.8,1.5,2.2,1.9400000000000002,1.5328947368421053,1.4846052631578948,2.1,1.5328947368421053,0.0,1
7,14,16,2,4,1.1,1.9,25,0.4,2.2,1.4,1.06,2.0,2.1399999999999997,2.0,0.7,-0.6666666666666666,-1
1,3,15,3,3,1.5,1.5,69,1.0,0.6,2.2,1.64,1.3,1.4,1.9,1.9,0.6666666666666666,0
9,16,21,0,1,1.2,1.0,66,0.8,1.5,1.9,1.6300000000000001,1.5328947368421053,1.4846052631578948,1.5,1.5328947368421053,-1.0,-1
22,21,28,1,2,1.5,1.2,58,0.8,1.5,1.4,1.3699999999999999,1.5328947368421053,1.4846052631578948,1.8,1.5328947368421053,1.0,-1
8,5,14,1,0,0.9,0.5,38,0.8,1.2,0.8,1.44,1.0,1.19,1.4,2.2,1.0,1
13,2,1,2,1,1.5,0.4,55,0.8,2.0,1.3,1.2,1.6,1.5699999999999998,2.3,1.5,-1.0,1
4,0,10,0,3,0.5,3.4,54,0.8,2.6,1.3,1.1600000000000001,3.3,2.18,1.6,0.4,-1.0,-1
15,12,2,2,2,0.7,3.6,38,1.0,2.2,2.1,1.61,2.5,2.5100000000000002,1.7,1.2,1.0,0
18,6,19,2,2,1.4,0.3,32,0.6,1.8,1.3,1.04,2.1,1.8200000000000003,3.1,2.1,0.0,0
20,17,23,3,1,1.5,1.5,63,2.0,1.5,2.1,1.8299999999999996,1.5328947368421053,1.4846052631578948,1.4,1.5328947368421053,1.0,1
16,20,27,4,0,2.8,0.8,28,2.0,1.5,2.5,1.83,1.5328947368421053,1.4846052631578948,1.9,1.5328947368421053,1.0,1
14,13,10,5,1,4.2,0.5,73,2.2,0.8,2.2,2.35,1.3,1.0699999999999998,0.7,2.5,1.0,1
3,18,22,2,0,1.0,0.8,53,1.2,1.5,1.3,1.31,1.5328947368421053,1.4846052631578948,1.9,1.5328947368421053,0.0,1
17,22,4,2,2,1.9,1.0,46,1.2,1.5,1.4,1.64,1.5328947368421053,1.4846052631578948,1.7,1.5328947368421053,0.0,0
5,4,23,1,1,1.7,0.9,44,1.2,1.5,0.9,1.18,1.5328947368421053,1.4846052631578948,2.1,1.5328947368421053,0.0,0
2,15,28,2,2,1.6,1.2,43,2.0,1.5,1.7,1.6,1.5328947368421053,1.4846052631578948,1.6,1.5328947368421053,-1.0,0
12,7,3,0,1,2.7,2.0,69,1.6,1.0,2.1,2.4899999999999998,1.2,1.15,1.2,1.8,0.3333333333333333,-1
21,9,24,0,2,0.9,3.2,58,1.0,1.4,1.6,1.34,1.9,1.8,2.2,1.3,1.0,-1
0,1,7,0,2,1.6,0.9,52,2.0,1.6,3.1,2.2199999999999998,1.9,1.5100000000000002,0.5,1.9,0.3333333333333333,-1
6,8,16,6,0,3.1,1.5,58,2.2,0.8,2.6,1.9099999999999997,0.8,1.4,2.1,2.0,0.0,1
13,3,9,1,5,0.6,3.1,53,0.6,1.8,1.3,0.95,1.7,1.4600000000000002,2.8,1.6,-1.0,-1
18,5,1,1,4,2.4,2.2,49,0.4,1.2,1.2,1.14,1.2,1.27,2.9,1.9,0.0,-1
22,0,16,0,2,0.2,1.2,46,0.4,2.0,0.9,1.0799999999999998,3.0,1.9900000000000002,1.6,0.4,-1.0,-1
8,17,2,2,0,0.3,0.9,41,1.4,1.5,0.8,1.17,1.5328947368421053,1.4846052631578948,1.8,1.5328947368421053,0.0,1
1,2,27,3,1,2.4,1.8,56,2.0,1.4,2.1,1.5100000000000002,1.7,1.6,1.8,1.6,0.0,1
7,21,8,5,2,2.4,1.3,60,1.4,1.5,1.6,1.3599999999999999,1.5328947368421053,1.4846052631578948,1.6,1.5328947368421053,1.0,1
9,12,4,1,3,0.8,1.0,40,0.8,2.0,1.7,1.7200000000000002,2.3,2.55,1.5,1.0,-0.6666666666666666,-1
0,6,23,5,0,3.3,1.6,45,2.4,1.6,2.9,1.9600000000000002,2.5,2.0100000000000002,0.4,2.2,0.6666666666666666,1
22,2,24,0,1,0.5,1.9,63,0.4,1.4,0.9,1.0299999999999998,1.6,1.5699999999999998,1.5,1.4,-1.0,-1
15,18,15,4,2,2.9,0.8,71,1.2,1.5,2.0,1.6199999999999999,1.5328947368421053,1.4846052631578948,1.8,1.5328947368421053,0.0,1
7,16,26,2,0,0.9,0.4,47,1.8,1.5,1.7,1.3900000000000001,1.5328947368421053,1.4846052631578948,1.3,1.5328947368421053,0.0,1
8,12,1,2,0,1.2,2.1,25,2.0,1.4,1.0,1.2600000000000002,2.0,2.48,1.6,1.1,-0.6666666666666666,1
4,14,9,0,4,0.6,1.4,36,0.4,2.6,1.0,1.08,2.4,2.33,1.6,0.7,0.0,-1
21,12,2,2,2,0.7,1.7,29,1.0,1.0,2.0,1.4700000000000002,1.8,2.37,2.1,1.2,-1.0,0
16,18,28,5,1,3.1,1.5,60,2.0,1.5,2.3,1.9,1.5328947368421053,1.4846052631578948,1.6,1.5328947368421053,0.0,1
15,5,10,1,1,2.7,2.1,48,1.2,1.2,1.9,1.7100000000000002,1.3,1.45,1.8,1.5,0.0,0
9,7,24,1,1,1.1,1.0,53,0.8,2.0,1.7,1.6800000000000002,1.7,1.42,1.4,1.3,0.3333333333333333,0
22,13,7,2,1,1.2,0.6,58,0.8,0.6,0.9,0.9700000000000001,1.3,0.9199999999999999,1.5,2.6,0.0,1
8,3,6,1,0,0.8,0.9,48,2.4,1.6,1.0,1.17,1.7,1.51,1.5,1.6,0.6666666666666666,1
1,6,4,2,2,1.1,1.6,29,1.6,1.6,2.1,1.4700000000000002,2.5,2.0,1.9,2.0,0.3333333333333333,0
20,0,14,2,3,2.3,1.0,62,1.4,2.4,1.8,1.75,2.7,1.8299999999999996,1.7,0.6,-1.0,-1
2,4,16,3,0,1.9,0.9,31,1.4,1.5,1.9,1.67,1.5328947368421053,1.4846052631578948,1.3,1.5328947368421053,-1.0,1
17,14,23,0,2,1.9,0.9,34,0.8,3.0,1.0,1.4899999999999998,2.5,2.16,1.8,0.6,0.0,-1
6,20,19,2,0,2.2,1.6,37,1.6,1.5,2.4,2.08,1.5328947368421053,1.4846052631578948,1.9,1.5328947368421053,0.0,1
13,8,27,1,1,0.8,1.4,51,0.8,2.0,1.2,0.82,1.0,1.28,2.4,1.5,1.0,0
0,2,7,3,0,3.3,0.5,55,2.4,1.4,2.6,1.8800000000000001,1.7,1.6099999999999999,0.5,1.6,1.0,1
3,9,8,0,0,0.6,1.3,54,1.6,1.0,1.5,1.48,1.5,1.6900000000000002,1.2,1.3,0.3333333333333333,0
5,16,2,1,4,1.0,3.4,47,1.0,1.5,1.4,1.54,1.5328947368421053,1.4846052631578948,1.6,1.5328947368421053,0.0,-1
18,17,3,1,3,2.2,1.5,54,0.0,1.5,1.3,1.3,1.5328947368421053,1.4846052631578948,3.4,1.5328947368421053,0.0,-1
14,22,4,5,1,3.7,0.3,58,3.0,1.5,2.9,2.3,1.5328947368421053,1.4846052631578948,0.7,1.5328947368421053,1.0,1
6,21,1,5,0,4.1,0.9,69,2.0,1.5,2.8,2.35,1.5328947368421053,1.4846052631578948,1.8,1.5328947368421053,1.0,1
4,1,19,1,0,2.5,0.1,52,0.8,1.6,0.5,1.01,1.7,1.12,1.7,1.8,-1.0,1
12,20,16,4,2,3.3,1.2,44,1.4,1.5,1.8,2.37,1.5328947368421053,1.4846052631578948,1.3,1.5328947368421053,1.0,1
7,15,9,4,0,1.7,0.4,43,2.6,1.5,1.8,1.35,1.5328947368421053,1.4846052631578948,1.3,1.5328947368421053,0.0,1
9,14,2,0,4,0.1,3.2,36,1.0,3.0,1.2,1.5699999999999998,3.2,2.46,1.7,0.7,-1.0,-1
20,5,9,2,1,2.7,0.7,63,0.6,1.0,1.6,1.7899999999999998,1.5,1.46,2.0,1.6,0.0,1
16,4,6,1,1,2.2,1.4,57,2.0,1.5,2.5,2.2199999999999998,1.5328947368421053,1.4846052631578948,1.2,1.5328947368421053,1.0,0
21,13,14,3,1,3.2,0.3,58,0.8,0.2,1.6,1.52,1.2,0.7699999999999999,2.4,2.6,0.0,1
2,3,13,1,2,0.7,1.1,48,1.2,2.0,1.6,1.35,1.5,1.4100000000000001,1.6,1.1,-0.3333333333333333,-1
22,7,26,1,3,1.6,2.6,62,0.6,2.6,1.0,0.95,2.0,1.58,2.0,1.1,1.0,-1
8,18,24,1,0,2.3,0.6,58,2.6,1.5,1.0,1.2399999999999998,1.5328947368421053,1.4846052631578948,1.2,1.5328947368421053,0.0,1
17,6,28,2,3,1.5,1.6,33,0.8,2.0,1.3,1.4300000000000002,2.9,2.33,1.7,1.8,0.0,-1
15,0,16,0,1,0.5,1.5,54,1.0,3.0,1.6,1.34,2.1,1.8,2.0,0.5,1.0,-1
1,12,23,3,3,3.1,1.7,41,1.6,1.6,1.7,1.24,2.0,2.3400000000000003,1.9,1.6,-0.6666666666666666,0
20,14,3,0,2,1.7,2.4,53,0.6,3.0,1.2,1.81,3.1,2.37,2.2,0.6,1.0,-1
4,6,15,1,2,1.3,1.5,55,0.8,2.6,0.6,1.0100000000000002,2.8,2.32,1.6,1.7,1.0,-1
15,16,19,3,2,1.5,2.2,45,1.4,1.5,1.8,1.47,1.5328947368421053,1.4846052631578948,1.9,1.5328947368421053,0.0,1
14,21,10,3,1,1.9,0.4,71,3.0,1.5,3.3,2.4,1.5328947368421053,1.4846052631578948,0.6,1.5328947368421053,1.0,1
0,8,14,2,1,2.9,0.6,68,3.0,2.0,2.1,1.9599999999999997,1.1,1.1400000000000001,0.5,1.2,0.3333333333333333,1
12,22,3,2,0,4.5,0.5,67,1.6,1.5,2.1,2.5200000000000005,1.5328947368421053,1.4846052631578948,1.5,1.5328947368421053,1.0,1
6,2,2,2,1,1.1,2.2,61,3.0,1.2,2.8,2.01,1.3,1.34,1.6,1.5,0.6666666666666666,1
7,1,5,5,0,2.5,0.9,54,2.6,1.0,2.4,1.56,1.7,1.25,1.0,2.0,-0.3333333333333333,1
4,15,4,0,2,1.7,1.3,55,0.8,1.5,0.5,1.1400000000000001,1.5328947368421053,1.4846052631578948,1.8,1.5328947368421053,1.0,-1
3,16,23,2,4,1.1,3.4,54,1.4,1.5,1.6,1.4200000000000002,1.5328947368421053,1.4846052631578948,1.3,1.5328947368421053,-1.0,-1
13,9,13,2,4,2.0,1.1,41,0.2,1.0,1.1,0.7699999999999999,1.5,1.4200000000000002,2.6,1.7,-1.0,-1
5,17,8,1,2,1.2,1.7,72,0.8,1.5,1.4,1.51,1.5328947368421053,1.4846052631578948,1.6,1.5328947368421053,0.0,-1
18,20,1,0,3,1.0,3.1,25,0.0,1.5,1.1,1.32,1.5328947368421053,1.4846052631578948,3.0,1.5328947368421053,0.0,-1
